gfx,cu_num,M,N,K,bias,dtype,outdtype,scaleAB,bpreshuffle,libtype,solidx,splitK,us,kernelName,err_ratio,tflops,bw
gfx942,228,1,24,5120,False,torch.bfloat16,torch.bfloat16,False,False,skinny,2,0,4.1198,sol2,0.0,0.06,62.15
gfx942,228,2,24,5120,False,torch.bfloat16,torch.bfloat16,False,False,skinny,2,0,4.064,sol2,0.0,0.12,65.54
gfx942,228,4,24,5120,False,torch.bfloat16,torch.bfloat16,False,False,skinny,2,0,4.9659,sol2,0.0,0.2,57.78
gfx942,228,8,24,5120,False,torch.bfloat16,torch.bfloat16,False,False,opus,10300,0,6.0811,opus_gemm_gfx942_wkc_512x16x16x64_1x1_16x16x16_0x0x0,0.0,0.32,53.95
gfx942,228,16,24,5120,False,torch.bfloat16,torch.bfloat16,False,False,opus,10311,0,3.8706,opus_gemm_gfx942_wkc_accum_512x16x32x32_1x1_16x16x16_0x0x0,0.0234,1.02,106.02
gfx942,228,32,24,5120,False,torch.bfloat16,torch.bfloat16,False,False,opus,10313,0,4.9579,opus_gemm_gfx942_wkc_accum_256x32x32x64_1x1_16x16x16_0x0x0,0.0247,1.59,115.97
gfx942,228,48,24,5120,False,torch.bfloat16,torch.bfloat16,False,False,opus,10300,0,6.4013,opus_gemm_gfx942_wkc_512x16x16x64_1x1_16x16x16_0x0x0,0.0,1.84,115.54
gfx942,228,64,24,5120,False,torch.bfloat16,torch.bfloat16,False,False,opus,10300,0,6.6235,opus_gemm_gfx942_wkc_512x16x16x64_1x1_16x16x16_0x0x0,0.0,2.37,136.51
gfx942,228,80,24,5120,False,torch.bfloat16,torch.bfloat16,False,False,opus,10300,0,7.3887,opus_gemm_gfx942_wkc_512x16x16x64_1x1_16x16x16_0x0x0,0.0,2.66,144.65
gfx942,228,96,24,5120,False,torch.bfloat16,torch.bfloat16,False,False,opus,10300,0,7.4803,opus_gemm_gfx942_wkc_512x16x16x64_1x1_16x16x16_0x0x0,0.0,3.15,164.89
gfx942,228,112,24,5120,False,torch.bfloat16,torch.bfloat16,False,False,opus,10300,0,7.5235,opus_gemm_gfx942_wkc_512x16x16x64_1x1_16x16x16_0x0x0,0.0,3.66,185.82
gfx942,228,128,24,5120,False,torch.bfloat16,torch.bfloat16,False,False,opus,10300,0,7.9383,opus_gemm_gfx942_wkc_512x16x16x64_1x1_16x16x16_0x0x0,0.0,3.96,196.85
gfx942,228,144,24,5120,False,torch.bfloat16,torch.bfloat16,False,False,opus,10300,0,8.1974,opus_gemm_gfx942_wkc_512x16x16x64_1x1_16x16x16_0x0x0,0.0,4.32,210.7
gfx942,228,160,24,5120,False,torch.bfloat16,torch.bfloat16,False,False,opus,10300,0,8.2541,opus_gemm_gfx942_wkc_512x16x16x64_1x1_16x16x16_0x0x0,0.0,4.76,229.2
gfx942,228,176,24,5120,False,torch.bfloat16,torch.bfloat16,False,False,opus,10300,0,7.8668,opus_gemm_gfx942_wkc_512x16x16x64_1x1_16x16x16_0x0x0,0.0,5.5,261.41
gfx942,228,192,24,5120,False,torch.bfloat16,torch.bfloat16,False,False,opus,10300,0,8.8161,opus_gemm_gfx942_wkc_512x16x16x64_1x1_16x16x16_0x0x0,0.0,5.35,251.93
gfx942,228,208,24,5120,False,torch.bfloat16,torch.bfloat16,False,False,opus,10300,0,8.5429,opus_gemm_gfx942_wkc_512x16x16x64_1x1_16x16x16_0x0x0,0.0,5.98,279.26
gfx942,228,224,24,5120,False,torch.bfloat16,torch.bfloat16,False,False,opus,10300,0,8.0529,opus_gemm_gfx942_wkc_512x16x16x64_1x1_16x16x16_0x0x0,0.0,6.84,316.69
gfx942,228,240,24,5120,False,torch.bfloat16,torch.bfloat16,False,False,opus,10300,0,8.7458,opus_gemm_gfx942_wkc_512x16x16x64_1x1_16x16x16_0x0x0,0.0,6.74,310.42
gfx942,228,256,24,5120,False,torch.bfloat16,torch.bfloat16,False,False,opus,10300,0,8.9607,opus_gemm_gfx942_wkc_512x16x16x64_1x1_16x16x16_0x0x0,0.0,7.02,321.35
gfx942,228,288,24,5120,False,torch.bfloat16,torch.bfloat16,False,False,opus,10300,0,8.6647,opus_gemm_gfx942_wkc_512x16x16x64_1x1_16x16x16_0x0x0,0.0,8.17,370.32
gfx942,228,320,24,5120,False,torch.bfloat16,torch.bfloat16,False,False,opus,10300,0,8.3983,opus_gemm_gfx942_wkc_512x16x16x64_1x1_16x16x16_0x0x0,0.0,9.36,421.27
gfx942,228,352,24,5120,False,torch.bfloat16,torch.bfloat16,False,False,opus,10300,0,8.382,opus_gemm_gfx942_wkc_512x16x16x64_1x1_16x16x16_0x0x0,0.0,10.32,461.36
gfx942,228,384,24,5120,False,torch.bfloat16,torch.bfloat16,False,False,opus,10300,0,8.7043,opus_gemm_gfx942_wkc_512x16x16x64_1x1_16x16x16_0x0x0,0.0,10.84,482.1
gfx942,228,416,24,5120,False,torch.bfloat16,torch.bfloat16,False,False,opus,10300,0,9.2236,opus_gemm_gfx942_wkc_512x16x16x64_1x1_16x16x16_0x0x0,0.0,11.08,490.65
gfx942,228,448,24,5120,False,torch.bfloat16,torch.bfloat16,False,False,opus,10300,0,8.5607,opus_gemm_gfx942_wkc_512x16x16x64_1x1_16x16x16_0x0x0,0.0,12.86,567.1
gfx942,228,480,24,5120,False,torch.bfloat16,torch.bfloat16,False,False,opus,10300,0,8.7114,opus_gemm_gfx942_wkc_512x16x16x64_1x1_16x16x16_0x0x0,0.0,13.54,595.08
gfx942,228,512,24,5120,False,torch.bfloat16,torch.bfloat16,False,False,opus,10300,0,8.6694,opus_gemm_gfx942_wkc_512x16x16x64_1x1_16x16x16_0x0x0,0.0,14.51,635.94
gfx942,228,544,24,5120,False,torch.bfloat16,torch.bfloat16,False,False,opus,10300,0,8.7813,opus_gemm_gfx942_wkc_512x16x16x64_1x1_16x16x16_0x0x0,0.0,15.22,665.33
gfx942,228,576,24,5120,False,torch.bfloat16,torch.bfloat16,False,False,opus,10300,0,8.7837,opus_gemm_gfx942_wkc_512x16x16x64_1x1_16x16x16_0x0x0,0.0,16.12,702.63
gfx942,228,608,24,5120,False,torch.bfloat16,torch.bfloat16,False,False,opus,10300,0,9.0311,opus_gemm_gfx942_wkc_512x16x16x64_1x1_16x16x16_0x0x0,0.0,16.55,719.83
gfx942,228,640,24,5120,False,torch.bfloat16,torch.bfloat16,False,False,opus,10300,0,8.8343,opus_gemm_gfx942_wkc_512x16x16x64_1x1_16x16x16_0x0x0,0.0,17.8,773.13
gfx942,228,672,24,5120,False,torch.bfloat16,torch.bfloat16,False,False,opus,10300,0,9.0604,opus_gemm_gfx942_wkc_512x16x16x64_1x1_16x16x16_0x0x0,0.0,18.23,790.17
gfx942,228,704,24,5120,False,torch.bfloat16,torch.bfloat16,False,False,opus,10300,0,9.1287,opus_gemm_gfx942_wkc_512x16x16x64_1x1_16x16x16_0x0x0,0.0,18.95,820.33
gfx942,228,736,24,5120,False,torch.bfloat16,torch.bfloat16,False,False,opus,10300,0,9.7883,opus_gemm_gfx942_wkc_512x16x16x64_1x1_16x16x16_0x0x0,0.0,18.48,798.68
gfx942,228,768,24,5120,False,torch.bfloat16,torch.bfloat16,False,False,opus,10300,0,9.2197,opus_gemm_gfx942_wkc_512x16x16x64_1x1_16x16x16_0x0x0,0.0,20.47,883.65
gfx942,228,800,24,5120,False,torch.bfloat16,torch.bfloat16,False,False,opus,10300,0,9.8348,opus_gemm_gfx942_wkc_512x16x16x64_1x1_16x16x16_0x0x0,0.0,19.99,861.85
gfx942,228,832,24,5120,False,torch.bfloat16,torch.bfloat16,False,False,opus,10300,0,9.4683,opus_gemm_gfx942_wkc_512x16x16x64_1x1_16x16x16_0x0x0,0.0,21.6,929.98
gfx942,228,864,24,5120,False,torch.bfloat16,torch.bfloat16,False,False,opus,10300,0,9.4019,opus_gemm_gfx942_wkc_512x16x16x64_1x1_16x16x16_0x0x0,0.0,22.58,971.57
gfx942,228,896,24,5120,False,torch.bfloat16,torch.bfloat16,False,False,opus,10300,0,9.5051,opus_gemm_gfx942_wkc_512x16x16x64_1x1_16x16x16_0x0x0,0.0,23.17,995.66
gfx942,228,928,24,5120,False,torch.bfloat16,torch.bfloat16,False,False,opus,10300,0,10.0109,opus_gemm_gfx942_wkc_512x16x16x64_1x1_16x16x16_0x0x0,0.0,22.78,978.24
gfx942,228,960,24,5120,False,torch.bfloat16,torch.bfloat16,False,False,opus,10300,0,9.7123,opus_gemm_gfx942_wkc_512x16x16x64_1x1_16x16x16_0x0x0,0.0,24.29,1042.21
gfx942,228,992,24,5120,False,torch.bfloat16,torch.bfloat16,False,False,opus,10300,0,9.5126,opus_gemm_gfx942_wkc_512x16x16x64_1x1_16x16x16_0x0x0,0.0,25.63,1098.7
gfx942,228,1024,24,5120,False,torch.bfloat16,torch.bfloat16,False,False,opus,10300,0,9.8053,opus_gemm_gfx942_wkc_512x16x16x64_1x1_16x16x16_0x0x0,0.0,25.67,1099.47
gfx942,228,1088,24,5120,False,torch.bfloat16,torch.bfloat16,False,False,opus,10300,0,9.8531,opus_gemm_gfx942_wkc_512x16x16x64_1x1_16x16x16_0x0x0,0.0,27.14,1160.96
gfx942,228,1152,24,5120,False,torch.bfloat16,torch.bfloat16,False,False,opus,10300,0,9.8711,opus_gemm_gfx942_wkc_512x16x16x64_1x1_16x16x16_0x0x0,0.0,28.68,1225.55
gfx942,228,1216,24,5120,False,torch.bfloat16,torch.bfloat16,False,False,opus,10300,0,9.8108,opus_gemm_gfx942_wkc_512x16x16x64_1x1_16x16x16_0x0x0,0.0,30.46,1300.2
gfx942,228,1280,24,5120,False,torch.bfloat16,torch.bfloat16,False,False,opus,10300,0,10.062,opus_gemm_gfx942_wkc_512x16x16x64_1x1_16x16x16_0x0x0,0.0,31.26,1333.17
gfx942,228,1344,24,5120,False,torch.bfloat16,torch.bfloat16,False,False,opus,10300,0,10.3703,opus_gemm_gfx942_wkc_512x16x16x64_1x1_16x16x16_0x0x0,0.0,31.85,1357.03
gfx942,228,1408,24,5120,False,torch.bfloat16,torch.bfloat16,False,False,opus,10300,0,10.3414,opus_gemm_gfx942_wkc_512x16x16x64_1x1_16x16x16_0x0x0,0.0,33.46,1424.49
gfx942,228,1472,24,5120,False,torch.bfloat16,torch.bfloat16,False,False,opus,10300,0,11.1802,opus_gemm_gfx942_wkc_512x16x16x64_1x1_16x16x16_0x0x0,0.0,32.36,1376.51
gfx942,228,1536,24,5120,False,torch.bfloat16,torch.bfloat16,False,False,opus,10300,0,11.3662,opus_gemm_gfx942_wkc_512x16x16x64_1x1_16x16x16_0x0x0,0.0,33.21,1411.92
gfx942,228,1600,24,5120,False,torch.bfloat16,torch.bfloat16,False,False,opus,10300,0,10.9164,opus_gemm_gfx942_wkc_512x16x16x64_1x1_16x16x16_0x0x0,0.0,36.02,1530.41
gfx942,228,1664,24,5120,False,torch.bfloat16,torch.bfloat16,False,False,opus,10300,0,12.413,opus_gemm_gfx942_wkc_512x16x16x64_1x1_16x16x16_0x0x0,0.0,32.94,1398.94
gfx942,228,1728,24,5120,False,torch.bfloat16,torch.bfloat16,False,False,opus,10300,0,12.2061,opus_gemm_gfx942_wkc_512x16x16x64_1x1_16x16x16_0x0x0,0.0,34.79,1476.59
gfx942,228,1792,24,5120,False,torch.bfloat16,torch.bfloat16,False,False,opus,10300,0,12.48,opus_gemm_gfx942_wkc_512x16x16x64_1x1_16x16x16_0x0x0,0.0,35.29,1496.94
gfx942,228,1856,24,5120,False,torch.bfloat16,torch.bfloat16,False,False,opus,10305,0,14.2264,opus_gemm_gfx942_wkc_512x16x32x64_1x1_16x16x16_0x0x0,0.0,32.06,1359.46
gfx942,228,1920,24,5120,False,torch.bfloat16,torch.bfloat16,False,False,opus,10305,0,13.7375,opus_gemm_gfx942_wkc_512x16x32x64_1x1_16x16x16_0x0x0,0.0,34.35,1455.78
gfx942,228,1984,24,5120,False,torch.bfloat16,torch.bfloat16,False,False,opus,10305,0,14.0433,opus_gemm_gfx942_wkc_512x16x32x64_1x1_16x16x16_0x0x0,0.0,34.72,1470.96
gfx942,228,2048,24,5120,False,torch.bfloat16,torch.bfloat16,False,False,opus,10305,0,14.5164,opus_gemm_gfx942_wkc_512x16x32x64_1x1_16x16x16_0x0x0,0.0,34.67,1468.38
gfx942,228,2112,24,5120,False,torch.bfloat16,torch.bfloat16,False,False,opus,10305,0,14.2048,opus_gemm_gfx942_wkc_512x16x32x64_1x1_16x16x16_0x0x0,0.0,36.54,1546.94
gfx942,228,2176,24,5120,False,torch.bfloat16,torch.bfloat16,False,False,opus,10305,0,14.3141,opus_gemm_gfx942_wkc_512x16x32x64_1x1_16x16x16_0x0x0,0.0,37.36,1581.13
gfx942,228,2240,24,5120,False,torch.bfloat16,torch.bfloat16,False,False,opus,10305,0,14.7073,opus_gemm_gfx942_wkc_512x16x32x64_1x1_16x16x16_0x0x0,0.0,37.43,1583.63
gfx942,228,2304,24,5120,False,torch.bfloat16,torch.bfloat16,False,False,opus,10305,0,14.904,opus_gemm_gfx942_wkc_512x16x32x64_1x1_16x16x16_0x0x0,0.0,37.99,1606.9
gfx942,228,2368,24,5120,False,torch.bfloat16,torch.bfloat16,False,False,opus,10305,0,14.6737,opus_gemm_gfx942_wkc_512x16x32x64_1x1_16x16x16_0x0x0,0.0,39.66,1677.0
gfx942,228,2432,24,5120,False,torch.bfloat16,torch.bfloat16,False,False,opus,10305,0,14.4599,opus_gemm_gfx942_wkc_512x16x32x64_1x1_16x16x16_0x0x0,0.0,41.33,1747.33
gfx942,228,2496,24,5120,False,torch.bfloat16,torch.bfloat16,False,False,opus,10305,0,15.5581,opus_gemm_gfx942_wkc_512x16x32x64_1x1_16x16x16_0x0x0,0.0,39.43,1666.31
gfx942,228,2560,24,5120,False,torch.bfloat16,torch.bfloat16,False,False,opus,10305,0,14.9565,opus_gemm_gfx942_wkc_512x16x32x64_1x1_16x16x16_0x0x0,0.0,42.07,1777.36
gfx942,228,2624,24,5120,False,torch.bfloat16,torch.bfloat16,False,False,opus,10301,0,15.5728,opus_gemm_gfx942_wkc_512x16x32x32_1x1_16x16x16_0x0x0,0.0,41.41,1749.3
gfx942,228,2688,24,5120,False,torch.bfloat16,torch.bfloat16,False,False,opus,10305,0,15.4426,opus_gemm_gfx942_wkc_512x16x32x64_1x1_16x16x16_0x0x0,0.0,42.78,1806.68
gfx942,228,2752,24,5120,False,torch.bfloat16,torch.bfloat16,False,False,opus,10305,0,15.5404,opus_gemm_gfx942_wkc_512x16x32x64_1x1_16x16x16_0x0x0,0.0,43.52,1837.68
gfx942,228,2816,24,5120,False,torch.bfloat16,torch.bfloat16,False,False,opus,10305,0,14.9284,opus_gemm_gfx942_wkc_512x16x32x64_1x1_16x16x16_0x0x0,0.0,46.36,1957.13
gfx942,228,2880,24,5120,False,torch.bfloat16,torch.bfloat16,False,False,opus,10305,0,15.2786,opus_gemm_gfx942_wkc_512x16x32x64_1x1_16x16x16_0x0x0,0.0,46.33,1955.36
gfx942,228,2944,24,5120,False,torch.bfloat16,torch.bfloat16,False,False,opus,10305,0,15.413,opus_gemm_gfx942_wkc_512x16x32x64_1x1_16x16x16_0x0x0,0.0,46.94,1981.03
gfx942,228,3008,24,5120,False,torch.bfloat16,torch.bfloat16,False,False,opus,10305,0,15.7958,opus_gemm_gfx942_wkc_512x16x32x64_1x1_16x16x16_0x0x0,0.0,46.8,1974.71
gfx942,228,3072,24,5120,False,torch.bfloat16,torch.bfloat16,False,False,opus,10305,0,15.5196,opus_gemm_gfx942_wkc_512x16x32x64_1x1_16x16x16_0x0x0,0.0,48.65,2052.28
gfx942,228,3136,24,5120,False,torch.bfloat16,torch.bfloat16,False,False,opus,10301,0,16.2722,opus_gemm_gfx942_wkc_512x16x32x32_1x1_16x16x16_0x0x0,0.0,47.36,1997.82
gfx942,228,3200,24,5120,False,torch.bfloat16,torch.bfloat16,False,False,opus,10301,0,16.3038,opus_gemm_gfx942_wkc_512x16x32x32_1x1_16x16x16_0x0x0,0.0,48.24,2034.33
gfx942,228,3264,24,5120,False,torch.bfloat16,torch.bfloat16,False,False,opus,10305,0,16.6459,opus_gemm_gfx942_wkc_512x16x32x64_1x1_16x16x16_0x0x0,0.0,48.19,2032.08
gfx942,228,3328,24,5120,False,torch.bfloat16,torch.bfloat16,False,False,opus,10305,0,17.1297,opus_gemm_gfx942_wkc_512x16x32x64_1x1_16x16x16_0x0x0,0.0,47.75,2013.12
gfx942,228,3392,24,5120,False,torch.bfloat16,torch.bfloat16,False,False,opus,10305,0,15.4971,opus_gemm_gfx942_wkc_512x16x32x64_1x1_16x16x16_0x0x0,0.0,53.79,2267.69
gfx942,228,3456,24,5120,False,torch.bfloat16,torch.bfloat16,False,False,opus,10305,0,16.1711,opus_gemm_gfx942_wkc_512x16x32x64_1x1_16x16x16_0x0x0,0.0,52.52,2213.89
gfx942,228,3520,24,5120,False,torch.bfloat16,torch.bfloat16,False,False,opus,10305,0,17.5279,opus_gemm_gfx942_wkc_512x16x32x64_1x1_16x16x16_0x0x0,0.0,49.35,2080.08
gfx942,228,3584,24,5120,False,torch.bfloat16,torch.bfloat16,False,False,opus,10305,0,17.2028,opus_gemm_gfx942_wkc_512x16x32x64_1x1_16x16x16_0x0x0,0.0,51.2,2157.67
gfx942,228,3648,24,5120,False,torch.bfloat16,torch.bfloat16,False,False,opus,10305,0,16.5703,opus_gemm_gfx942_wkc_512x16x32x64_1x1_16x16x16_0x0x0,0.0,54.1,2279.76
gfx942,228,3712,24,5120,False,torch.bfloat16,torch.bfloat16,False,False,opus,10303,0,18.1297,opus_gemm_gfx942_wkc_256x32x32x64_1x1_16x16x16_0x0x0,0.0,50.32,2119.99
gfx942,228,3776,24,5120,False,torch.bfloat16,torch.bfloat16,False,False,opus,10303,0,18.3378,opus_gemm_gfx942_wkc_256x32x32x64_1x1_16x16x16_0x0x0,0.0,50.61,2131.84
gfx942,228,3840,24,5120,False,torch.bfloat16,torch.bfloat16,False,False,opus,10303,0,18.5917,opus_gemm_gfx942_wkc_256x32x32x64_1x1_16x16x16_0x0x0,0.0,50.76,2138.14
gfx942,228,3904,24,5120,False,torch.bfloat16,torch.bfloat16,False,False,opus,10303,0,19.1836,opus_gemm_gfx942_wkc_256x32x32x64_1x1_16x16x16_0x0x0,0.0,50.01,2106.49
gfx942,228,3968,24,5120,False,torch.bfloat16,torch.bfloat16,False,False,opus,10303,0,19.4194,opus_gemm_gfx942_wkc_256x32x32x64_1x1_16x16x16_0x0x0,0.0,50.22,2114.82
gfx942,228,4032,24,5120,False,torch.bfloat16,torch.bfloat16,False,False,opus,10303,0,18.4868,opus_gemm_gfx942_wkc_256x32x32x64_1x1_16x16x16_0x0x0,0.0,53.6,2257.12
gfx942,228,4096,24,5120,False,torch.bfloat16,torch.bfloat16,False,False,opus,10303,0,19.0309,opus_gemm_gfx942_wkc_256x32x32x64_1x1_16x16x16_0x0x0,0.0,52.89,2227.19
gfx942,228,4224,24,5120,False,torch.bfloat16,torch.bfloat16,False,False,opus,10303,0,19.2145,opus_gemm_gfx942_wkc_256x32x32x64_1x1_16x16x16_0x0x0,0.0,54.03,2274.44
gfx942,228,4352,24,5120,False,torch.bfloat16,torch.bfloat16,False,False,opus,10303,0,20.1037,opus_gemm_gfx942_wkc_256x32x32x64_1x1_16x16x16_0x0x0,0.0,53.2,2239.35
gfx942,228,4480,24,5120,False,torch.bfloat16,torch.bfloat16,False,False,opus,10303,0,19.8236,opus_gemm_gfx942_wkc_256x32x32x64_1x1_16x16x16_0x0x0,0.0,55.54,2337.42
gfx942,228,4608,24,5120,False,torch.bfloat16,torch.bfloat16,False,False,opus,10303,0,19.9996,opus_gemm_gfx942_wkc_256x32x32x64_1x1_16x16x16_0x0x0,0.0,56.62,2382.69
gfx942,228,4736,24,5120,False,torch.bfloat16,torch.bfloat16,False,False,opus,10303,0,20.2741,opus_gemm_gfx942_wkc_256x32x32x64_1x1_16x16x16_0x0x0,0.0,57.41,2415.38
gfx942,228,4864,24,5120,False,torch.bfloat16,torch.bfloat16,False,False,opus,10303,0,20.8517,opus_gemm_gfx942_wkc_256x32x32x64_1x1_16x16x16_0x0x0,0.0,57.33,2411.63
gfx942,228,4992,24,5120,False,torch.bfloat16,torch.bfloat16,False,False,opus,10303,0,21.5424,opus_gemm_gfx942_wkc_256x32x32x64_1x1_16x16x16_0x0x0,0.0,56.95,2395.44
gfx942,228,5120,24,5120,False,torch.bfloat16,torch.bfloat16,False,False,opus,10303,0,21.8703,opus_gemm_gfx942_wkc_256x32x32x64_1x1_16x16x16_0x0x0,0.0,57.53,2419.73
gfx942,228,5248,24,5120,False,torch.bfloat16,torch.bfloat16,False,False,opus,10303,0,24.825,opus_gemm_gfx942_wkc_256x32x32x64_1x1_16x16x16_0x0x0,0.0,51.95,2184.78
gfx942,228,5376,24,5120,False,torch.bfloat16,torch.bfloat16,False,False,opus,10303,0,24.0962,opus_gemm_gfx942_wkc_256x32x32x64_1x1_16x16x16_0x0x0,0.0,54.83,2305.51
gfx942,228,5504,24,5120,False,torch.bfloat16,torch.bfloat16,False,False,opus,10303,0,26.3299,opus_gemm_gfx942_wkc_256x32x32x64_1x1_16x16x16_0x0x0,0.0,51.37,2159.94
gfx942,228,5632,24,5120,False,torch.bfloat16,torch.bfloat16,False,False,opus,10303,0,27.3841,opus_gemm_gfx942_wkc_256x32x32x64_1x1_16x16x16_0x0x0,0.0,50.54,2124.87
gfx942,228,5760,24,5120,False,torch.bfloat16,torch.bfloat16,False,False,opus,10303,0,26.9857,opus_gemm_gfx942_wkc_256x32x32x64_1x1_16x16x16_0x0x0,0.0,52.46,2205.04
gfx942,228,5888,24,5120,False,torch.bfloat16,torch.bfloat16,False,False,opus,10303,0,27.1944,opus_gemm_gfx942_wkc_256x32x32x64_1x1_16x16x16_0x0x0,0.0,53.21,2236.55
gfx942,228,6016,24,5120,False,torch.bfloat16,torch.bfloat16,False,False,opus,10303,0,30.0774,opus_gemm_gfx942_wkc_256x32x32x64_1x1_16x16x16_0x0x0,0.0,49.16,2065.95
gfx942,228,6144,24,5120,False,torch.bfloat16,torch.bfloat16,False,False,opus,10303,0,31.2826,opus_gemm_gfx942_wkc_256x32x32x64_1x1_16x16x16_0x0x0,0.0,48.27,2028.45
gfx942,228,6272,24,5120,False,torch.bfloat16,torch.bfloat16,False,False,opus,10303,0,29.6832,opus_gemm_gfx942_wkc_256x32x32x64_1x1_16x16x16_0x0x0,0.0,51.93,2182.11
gfx942,228,6400,24,5120,False,torch.bfloat16,torch.bfloat16,False,False,opus,10303,0,32.0275,opus_gemm_gfx942_wkc_256x32x32x64_1x1_16x16x16_0x0x0,0.0,49.11,2063.51
gfx942,228,6528,24,5120,False,torch.bfloat16,torch.bfloat16,False,False,opus,10303,0,31.9832,opus_gemm_gfx942_wkc_256x32x32x64_1x1_16x16x16_0x0x0,0.0,50.16,2107.54
gfx942,228,6656,24,5120,False,torch.bfloat16,torch.bfloat16,False,False,opus,10303,0,30.0844,opus_gemm_gfx942_wkc_256x32x32x64_1x1_16x16x16_0x0x0,0.0,54.37,2284.33
gfx942,228,6784,24,5120,False,torch.bfloat16,torch.bfloat16,False,False,opus,10303,0,33.7335,opus_gemm_gfx942_wkc_256x32x32x64_1x1_16x16x16_0x0x0,0.0,49.42,2076.26
gfx942,228,6912,24,5120,False,torch.bfloat16,torch.bfloat16,False,False,opus,10303,0,33.8236,opus_gemm_gfx942_wkc_256x32x32x64_1x1_16x16x16_0x0x0,0.0,50.22,2109.66
gfx942,228,7040,24,5120,False,torch.bfloat16,torch.bfloat16,False,False,opus,10303,0,34.4033,opus_gemm_gfx942_wkc_256x32x32x64_1x1_16x16x16_0x0x0,0.0,50.29,2112.39
gfx942,228,7168,24,5120,False,torch.bfloat16,torch.bfloat16,False,False,opus,10303,0,32.0734,opus_gemm_gfx942_wkc_256x32x32x64_1x1_16x16x16_0x0x0,0.0,54.92,2306.9
gfx942,228,7296,24,5120,False,torch.bfloat16,torch.bfloat16,False,False,opus,10303,0,33.2722,opus_gemm_gfx942_wkc_256x32x32x64_1x1_16x16x16_0x0x0,0.0,53.89,2263.36
gfx942,228,7424,24,5120,False,torch.bfloat16,torch.bfloat16,False,False,opus,10305,0,43.3214,opus_gemm_gfx942_wkc_512x16x32x64_1x1_16x16x16_0x0x0,0.0,42.12,1768.73
gfx942,228,7552,24,5120,False,torch.bfloat16,torch.bfloat16,False,False,opus,10305,0,44.2855,opus_gemm_gfx942_wkc_512x16x32x64_1x1_16x16x16_0x0x0,0.0,41.91,1759.96
gfx942,228,7680,24,5120,False,torch.bfloat16,torch.bfloat16,False,False,opus,10305,0,44.8614,opus_gemm_gfx942_wkc_512x16x32x64_1x1_16x16x16_0x0x0,0.0,42.07,1766.72
gfx942,228,7808,24,5120,False,torch.bfloat16,torch.bfloat16,False,False,opus,10305,0,46.3765,opus_gemm_gfx942_wkc_512x16x32x64_1x1_16x16x16_0x0x0,0.0,41.38,1737.4
gfx942,228,7936,24,5120,False,torch.bfloat16,torch.bfloat16,False,False,opus,10303,0,46.4763,opus_gemm_gfx942_wkc_256x32x32x64_1x1_16x16x16_0x0x0,0.0,41.96,1762.0
gfx942,228,8064,24,5120,False,torch.bfloat16,torch.bfloat16,False,False,opus,10303,0,44.509,opus_gemm_gfx942_wkc_256x32x32x64_1x1_16x16x16_0x0x0,0.0,44.53,1869.47
gfx942,228,8192,24,5120,False,torch.bfloat16,torch.bfloat16,False,False,opus,10305,0,46.9991,opus_gemm_gfx942_wkc_512x16x32x64_1x1_16x16x16_0x0x0,0.0,42.84,1798.44
gfx942,228,8320,24,5120,False,torch.bfloat16,torch.bfloat16,False,False,opus,10303,0,44.1453,opus_gemm_gfx942_wkc_256x32x32x64_1x1_16x16x16_0x0x0,0.0,46.32,1944.53
gfx942,228,8448,24,5120,False,torch.bfloat16,torch.bfloat16,False,False,opus,10303,0,44.2081,opus_gemm_gfx942_wkc_256x32x32x64_1x1_16x16x16_0x0x0,0.0,46.96,1971.56
gfx942,228,8576,24,5120,False,torch.bfloat16,torch.bfloat16,False,False,opus,10303,0,46.6792,opus_gemm_gfx942_wkc_256x32x32x64_1x1_16x16x16_0x0x0,0.0,45.15,1895.4
gfx942,228,8704,24,5120,False,torch.bfloat16,torch.bfloat16,False,False,opus,10305,0,45.3419,opus_gemm_gfx942_wkc_512x16x32x64_1x1_16x16x16_0x0x0,0.0,47.18,1980.34
gfx942,228,8832,24,5120,False,torch.bfloat16,torch.bfloat16,False,False,opus,10305,0,46.1017,opus_gemm_gfx942_wkc_512x16x32x64_1x1_16x16x16_0x0x0,0.0,47.08,1976.27
gfx942,228,8960,24,5120,False,torch.bfloat16,torch.bfloat16,False,False,opus,10301,0,46.0251,opus_gemm_gfx942_wkc_512x16x32x32_1x1_16x16x16_0x0x0,0.0,47.84,2008.17
gfx942,228,9088,24,5120,False,torch.bfloat16,torch.bfloat16,False,False,opus,10305,0,46.6181,opus_gemm_gfx942_wkc_512x16x32x64_1x1_16x16x16_0x0x0,0.0,47.91,2010.87
gfx942,228,9216,24,5120,False,torch.bfloat16,torch.bfloat16,False,False,opus,10303,0,45.9076,opus_gemm_gfx942_wkc_256x32x32x64_1x1_16x16x16_0x0x0,0.0,49.34,2070.68
gfx942,228,9344,24,5120,False,torch.bfloat16,torch.bfloat16,False,False,opus,10303,0,46.4986,opus_gemm_gfx942_wkc_256x32x32x64_1x1_16x16x16_0x0x0,0.0,49.39,2072.68
gfx942,228,9472,24,5120,False,torch.bfloat16,torch.bfloat16,False,False,opus,10303,0,44.1029,opus_gemm_gfx942_wkc_256x32x32x64_1x1_16x16x16_0x0x0,0.0,52.78,2215.13
gfx942,228,9600,24,5120,False,torch.bfloat16,torch.bfloat16,False,False,opus,10303,0,46.304,opus_gemm_gfx942_wkc_256x32x32x64_1x1_16x16x16_0x0x0,0.0,50.95,2138.27
gfx942,228,9728,24,5120,False,torch.bfloat16,torch.bfloat16,False,False,opus,10303,0,45.0373,opus_gemm_gfx942_wkc_256x32x32x64_1x1_16x16x16_0x0x0,0.0,53.08,2227.65
gfx942,228,9856,24,5120,False,torch.bfloat16,torch.bfloat16,False,False,opus,10303,0,44.3428,opus_gemm_gfx942_wkc_256x32x32x64_1x1_16x16x16_0x0x0,0.0,54.62,2292.24
gfx942,228,9984,24,5120,False,torch.bfloat16,torch.bfloat16,False,False,opus,10303,0,45.4212,opus_gemm_gfx942_wkc_256x32x32x64_1x1_16x16x16_0x0x0,0.0,54.02,2266.81
gfx942,228,10112,24,5120,False,torch.bfloat16,torch.bfloat16,False,False,opus,10305,0,48.839,opus_gemm_gfx942_wkc_512x16x32x64_1x1_16x16x16_0x0x0,0.0,50.88,2135.14
gfx942,228,10240,24,5120,False,torch.bfloat16,torch.bfloat16,False,False,opus,10303,0,47.1168,opus_gemm_gfx942_wkc_256x32x32x64_1x1_16x16x16_0x0x0,0.0,53.41,2241.13
gfx942,228,10368,24,5120,False,torch.bfloat16,torch.bfloat16,False,False,opus,10303,0,46.9679,opus_gemm_gfx942_wkc_256x32x32x64_1x1_16x16x16_0x0x0,0.0,54.25,2276.27
gfx942,228,10496,24,5120,False,torch.bfloat16,torch.bfloat16,False,False,opus,10303,0,49.4159,opus_gemm_gfx942_wkc_256x32x32x64_1x1_16x16x16_0x0x0,0.0,52.2,2190.16
gfx942,228,10624,24,5120,False,torch.bfloat16,torch.bfloat16,False,False,opus,10303,0,46.7796,opus_gemm_gfx942_wkc_256x32x32x64_1x1_16x16x16_0x0x0,0.0,55.81,2341.74
gfx942,228,10752,24,5120,False,torch.bfloat16,torch.bfloat16,False,False,opus,10303,0,48.1432,opus_gemm_gfx942_wkc_256x32x32x64_1x1_16x16x16_0x0x0,0.0,54.89,2302.76
gfx942,228,10880,24,5120,False,torch.bfloat16,torch.bfloat16,False,False,opus,10303,0,46.6245,opus_gemm_gfx942_wkc_256x32x32x64_1x1_16x16x16_0x0x0,0.0,57.35,2406.01
gfx942,228,11008,24,5120,False,torch.bfloat16,torch.bfloat16,False,False,opus,10303,0,48.6671,opus_gemm_gfx942_wkc_256x32x32x64_1x1_16x16x16_0x0x0,0.0,55.59,2332.09
gfx942,228,11136,24,5120,False,torch.bfloat16,torch.bfloat16,False,False,opus,10303,0,48.5256,opus_gemm_gfx942_wkc_256x32x32x64_1x1_16x16x16_0x0x0,0.0,56.4,2366.03
gfx942,228,11264,24,5120,False,torch.bfloat16,torch.bfloat16,False,False,opus,10303,0,48.9717,opus_gemm_gfx942_wkc_256x32x32x64_1x1_16x16x16_0x0x0,0.0,56.53,2371.37
gfx942,228,11392,24,5120,False,torch.bfloat16,torch.bfloat16,False,False,opus,10303,0,47.532,opus_gemm_gfx942_wkc_256x32x32x64_1x1_16x16x16_0x0x0,0.0,58.9,2470.9
gfx942,228,11520,24,5120,False,torch.bfloat16,torch.bfloat16,False,False,opus,10303,0,50.7468,opus_gemm_gfx942_wkc_256x32x32x64_1x1_16x16x16_0x0x0,0.0,55.79,2340.32
gfx942,228,11648,24,5120,False,torch.bfloat16,torch.bfloat16,False,False,opus,10303,0,50.1596,opus_gemm_gfx942_wkc_256x32x32x64_1x1_16x16x16_0x0x0,0.0,57.07,2393.97
gfx942,228,11776,24,5120,False,torch.bfloat16,torch.bfloat16,False,False,opus,10303,0,51.3707,opus_gemm_gfx942_wkc_256x32x32x64_1x1_16x16x16_0x0x0,0.0,56.34,2363.16
gfx942,228,11904,24,5120,False,torch.bfloat16,torch.bfloat16,False,False,opus,10303,0,50.9782,opus_gemm_gfx942_wkc_256x32x32x64_1x1_16x16x16_0x0x0,0.0,57.39,2407.19
gfx942,228,12032,24,5120,False,torch.bfloat16,torch.bfloat16,False,False,opus,10303,0,50.2757,opus_gemm_gfx942_wkc_256x32x32x64_1x1_16x16x16_0x0x0,0.0,58.82,2467.02
gfx942,228,12160,24,5120,False,torch.bfloat16,torch.bfloat16,False,False,opus,10303,0,52.8923,opus_gemm_gfx942_wkc_256x32x32x64_1x1_16x16x16_0x0x0,0.0,56.5,2369.87
gfx942,228,12288,24,5120,False,torch.bfloat16,torch.bfloat16,False,False,opus,10303,0,51.9462,opus_gemm_gfx942_wkc_256x32x32x64_1x1_16x16x16_0x0x0,0.0,58.14,2438.38
gfx942,228,12416,24,5120,False,torch.bfloat16,torch.bfloat16,False,False,opus,10303,0,53.5574,opus_gemm_gfx942_wkc_256x32x32x64_1x1_16x16x16_0x0x0,0.0,56.97,2389.62
gfx942,228,12544,24,5120,False,torch.bfloat16,torch.bfloat16,False,False,opus,10303,0,53.8361,opus_gemm_gfx942_wkc_256x32x32x64_1x1_16x16x16_0x0x0,0.0,57.26,2401.71
gfx942,228,12672,24,5120,False,torch.bfloat16,torch.bfloat16,False,False,opus,10303,0,53.0254,opus_gemm_gfx942_wkc_256x32x32x64_1x1_16x16x16_0x0x0,0.0,58.73,2463.26
gfx942,228,12800,24,5120,False,torch.bfloat16,torch.bfloat16,False,False,opus,10303,0,53.6803,opus_gemm_gfx942_wkc_256x32x32x64_1x1_16x16x16_0x0x0,0.0,58.6,2457.74
gfx942,228,12928,24,5120,False,torch.bfloat16,torch.bfloat16,False,False,opus,10303,0,54.9903,opus_gemm_gfx942_wkc_256x32x32x64_1x1_16x16x16_0x0x0,0.0,57.78,2423.14
gfx942,228,13056,24,5120,False,torch.bfloat16,torch.bfloat16,False,False,opus,10303,0,54.2672,opus_gemm_gfx942_wkc_256x32x32x64_1x1_16x16x16_0x0x0,0.0,59.13,2479.69
gfx942,228,13184,24,5120,False,torch.bfloat16,torch.bfloat16,False,False,opus,10303,0,54.8037,opus_gemm_gfx942_wkc_256x32x32x64_1x1_16x16x16_0x0x0,0.0,59.12,2479.44
gfx942,228,13312,24,5120,False,torch.bfloat16,torch.bfloat16,False,False,opus,10303,0,55.4416,opus_gemm_gfx942_wkc_256x32x32x64_1x1_16x16x16_0x0x0,0.0,59.01,2474.67
gfx942,228,13440,24,5120,False,torch.bfloat16,torch.bfloat16,False,False,opus,10303,0,54.8382,opus_gemm_gfx942_wkc_256x32x32x64_1x1_16x16x16_0x0x0,0.0,60.23,2525.91
gfx942,228,13568,24,5120,False,torch.bfloat16,torch.bfloat16,False,False,opus,10303,0,54.3046,opus_gemm_gfx942_wkc_256x32x32x64_1x1_16x16x16_0x0x0,0.0,61.4,2574.98
gfx942,228,13696,24,5120,False,torch.bfloat16,torch.bfloat16,False,False,opus,10303,0,55.6972,opus_gemm_gfx942_wkc_256x32x32x64_1x1_16x16x16_0x0x0,0.0,60.43,2534.24
gfx942,228,13824,24,5120,False,torch.bfloat16,torch.bfloat16,False,False,opus,10303,0,56.2995,opus_gemm_gfx942_wkc_256x32x32x64_1x1_16x16x16_0x0x0,0.0,60.34,2530.52
gfx942,228,13952,24,5120,False,torch.bfloat16,torch.bfloat16,False,False,opus,10303,0,56.9527,opus_gemm_gfx942_wkc_256x32x32x64_1x1_16x16x16_0x0x0,0.0,60.21,2524.62
gfx942,228,14080,24,5120,False,torch.bfloat16,torch.bfloat16,False,False,opus,10303,0,57.6929,opus_gemm_gfx942_wkc_256x32x32x64_1x1_16x16x16_0x0x0,0.0,59.98,2515.05
gfx942,228,14208,24,5120,False,torch.bfloat16,torch.bfloat16,False,False,opus,10303,0,55.6201,opus_gemm_gfx942_wkc_256x32x32x64_1x1_16x16x16_0x0x0,0.0,62.78,2632.46
gfx942,228,14336,24,5120,False,torch.bfloat16,torch.bfloat16,False,False,opus,10303,0,59.2385,opus_gemm_gfx942_wkc_256x32x32x64_1x1_16x16x16_0x0x0,0.0,59.48,2493.89
gfx942,228,14464,24,5120,False,torch.bfloat16,torch.bfloat16,False,False,opus,10303,0,58.5469,opus_gemm_gfx942_wkc_256x32x32x64_1x1_16x16x16_0x0x0,0.0,60.71,2545.85
gfx942,228,14592,24,5120,False,torch.bfloat16,torch.bfloat16,False,False,opus,10303,0,57.0554,opus_gemm_gfx942_wkc_256x32x32x64_1x1_16x16x16_0x0x0,0.0,62.85,2635.48
gfx942,228,14720,24,5120,False,torch.bfloat16,torch.bfloat16,False,False,opus,10303,0,68.7133,opus_gemm_gfx942_wkc_256x32x32x64_1x1_16x16x16_0x0x0,0.0,52.65,2207.51
gfx942,228,14848,24,5120,False,torch.bfloat16,torch.bfloat16,False,False,opus,10303,0,71.067,opus_gemm_gfx942_wkc_256x32x32x64_1x1_16x16x16_0x0x0,0.0,51.35,2152.93
gfx942,228,14976,24,5120,False,torch.bfloat16,torch.bfloat16,False,False,opus,10303,0,69.8792,opus_gemm_gfx942_wkc_256x32x32x64_1x1_16x16x16_0x0x0,0.0,52.67,2208.37
gfx942,228,15104,24,5120,False,torch.bfloat16,torch.bfloat16,False,False,opus,10303,0,70.1158,opus_gemm_gfx942_wkc_256x32x32x64_1x1_16x16x16_0x0x0,0.0,52.94,2219.7
gfx942,228,15232,24,5120,False,torch.bfloat16,torch.bfloat16,False,False,opus,10303,0,71.9602,opus_gemm_gfx942_wkc_256x32x32x64_1x1_16x16x16_0x0x0,0.0,52.02,2181.1
gfx942,228,15360,24,5120,False,torch.bfloat16,torch.bfloat16,False,False,opus,10303,0,70.5877,opus_gemm_gfx942_wkc_256x32x32x64_1x1_16x16x16_0x0x0,0.0,53.48,2242.17
gfx942,228,15488,24,5120,False,torch.bfloat16,torch.bfloat16,False,False,opus,10303,0,69.9777,opus_gemm_gfx942_wkc_256x32x32x64_1x1_16x16x16_0x0x0,0.0,54.39,2280.53
gfx942,228,15616,24,5120,False,torch.bfloat16,torch.bfloat16,False,False,opus,10303,0,71.3052,opus_gemm_gfx942_wkc_256x32x32x64_1x1_16x16x16_0x0x0,0.0,53.82,2256.54
gfx942,228,15744,24,5120,False,torch.bfloat16,torch.bfloat16,False,False,opus,10303,0,69.807,opus_gemm_gfx942_wkc_256x32x32x64_1x1_16x16x16_0x0x0,0.0,55.43,2323.84
gfx942,228,15872,24,5120,False,torch.bfloat16,torch.bfloat16,False,False,opus,10303,0,70.9673,opus_gemm_gfx942_wkc_256x32x32x64_1x1_16x16x16_0x0x0,0.0,54.96,2304.4
gfx942,228,16000,24,5120,False,torch.bfloat16,torch.bfloat16,False,False,opus,10303,0,70.9984,opus_gemm_gfx942_wkc_256x32x32x64_1x1_16x16x16_0x0x0,0.0,55.38,2321.94
gfx942,228,16128,24,5120,False,torch.bfloat16,torch.bfloat16,False,False,opus,10303,0,72.2065,opus_gemm_gfx942_wkc_256x32x32x64_1x1_16x16x16_0x0x0,0.0,54.89,2301.33
gfx942,228,16256,24,5120,False,torch.bfloat16,torch.bfloat16,False,False,opus,10303,0,71.6884,opus_gemm_gfx942_wkc_256x32x32x64_1x1_16x16x16_0x0x0,0.0,55.73,2336.33
gfx942,228,16384,24,5120,False,torch.bfloat16,torch.bfloat16,False,False,opus,10303,0,70.7113,opus_gemm_gfx942_wkc_256x32x32x64_1x1_16x16x16_0x0x0,0.0,56.94,2387.23
gfx942,228,1,32,6144,False,torch.bfloat16,torch.bfloat16,False,False,skinny,2,0,3.9982,sol2,0.0,0.1,101.44
gfx942,228,2,32,6144,False,torch.bfloat16,torch.bfloat16,False,False,skinny,2,0,4.9725,sol2,0.0,0.16,84.05
gfx942,228,4,32,6144,False,torch.bfloat16,torch.bfloat16,False,False,skinny,2,0,6.1489,sol2,0.0,0.26,71.98
gfx942,228,8,32,6144,False,torch.bfloat16,torch.bfloat16,False,False,opus,10300,0,7.5114,opus_gemm_gfx942_wkc_512x16x16x64_1x1_16x16x16_0x0x0,0.0,0.42,65.5
gfx942,228,16,32,6144,False,torch.bfloat16,torch.bfloat16,False,False,opus,10300,0,7.8288,opus_gemm_gfx942_wkc_512x16x16x64_1x1_16x16x16_0x0x0,0.0,0.8,75.47
gfx942,228,32,32,6144,False,torch.bfloat16,torch.bfloat16,False,False,opus,10300,0,7.408,opus_gemm_gfx942_wkc_512x16x16x64_1x1_16x16x16_0x0x0,0.0,1.7,106.44
gfx942,228,48,32,6144,False,torch.bfloat16,torch.bfloat16,False,False,opus,10300,0,8.8799,opus_gemm_gfx942_wkc_512x16x16x64_1x1_16x16x16_0x0x0,0.0,2.13,111.05
gfx942,228,64,32,6144,False,torch.bfloat16,torch.bfloat16,False,False,opus,10300,0,8.3823,opus_gemm_gfx942_wkc_512x16x16x64_1x1_16x16x16_0x0x0,0.0,3.0,141.22
gfx942,228,80,32,6144,False,torch.bfloat16,torch.bfloat16,False,False,opus,10300,0,8.7235,opus_gemm_gfx942_wkc_512x16x16x64_1x1_16x16x16_0x0x0,0.0,3.61,158.35
gfx942,228,96,32,6144,False,torch.bfloat16,torch.bfloat16,False,False,opus,10300,0,9.0923,opus_gemm_gfx942_wkc_512x16x16x64_1x1_16x16x16_0x0x0,0.0,4.15,173.66
gfx942,228,112,32,6144,False,torch.bfloat16,torch.bfloat16,False,False,opus,10300,0,9.636,opus_gemm_gfx942_wkc_512x16x16x64_1x1_16x16x16_0x0x0,0.0,4.57,184.38
gfx942,228,128,32,6144,False,torch.bfloat16,torch.bfloat16,False,False,opus,10300,0,10.0047,opus_gemm_gfx942_wkc_512x16x16x64_1x1_16x16x16_0x0x0,0.0,5.03,197.33
gfx942,228,144,32,6144,False,torch.bfloat16,torch.bfloat16,False,False,opus,10300,0,10.5468,opus_gemm_gfx942_wkc_512x16x16x64_1x1_16x16x16_0x0x0,0.0,5.37,205.93
gfx942,228,160,32,6144,False,torch.bfloat16,torch.bfloat16,False,False,opus,10300,0,11.6727,opus_gemm_gfx942_wkc_512x16x16x64_1x1_16x16x16_0x0x0,0.0,5.39,203.0
gfx942,228,176,32,6144,False,torch.bfloat16,torch.bfloat16,False,False,opus,10300,0,11.1739,opus_gemm_gfx942_wkc_512x16x16x64_1x1_16x16x16_0x0x0,0.0,6.19,229.75
gfx942,228,192,32,6144,False,torch.bfloat16,torch.bfloat16,False,False,opus,10300,0,12.0488,opus_gemm_gfx942_wkc_512x16x16x64_1x1_16x16x16_0x0x0,0.0,6.27,229.47
gfx942,228,208,32,6144,False,torch.bfloat16,torch.bfloat16,False,False,opus,10305,0,12.4327,opus_gemm_gfx942_wkc_512x16x32x64_1x1_16x16x16_0x0x0,0.0,6.58,238.28
gfx942,228,224,32,6144,False,torch.bfloat16,torch.bfloat16,False,False,opus,10300,0,12.014,opus_gemm_gfx942_wkc_512x16x16x64_1x1_16x16x16_0x0x0,0.0,7.33,263.03
gfx942,228,240,32,6144,False,torch.bfloat16,torch.bfloat16,False,False,opus,10305,0,12.6743,opus_gemm_gfx942_wkc_512x16x32x64_1x1_16x16x16_0x0x0,0.0,7.45,264.92
gfx942,228,256,32,6144,False,torch.bfloat16,torch.bfloat16,False,False,opus,10305,0,12.7292,opus_gemm_gfx942_wkc_512x16x32x64_1x1_16x16x16_0x0x0,0.0,7.91,279.3
gfx942,228,288,32,6144,False,torch.bfloat16,torch.bfloat16,False,False,opus,10305,0,12.4744,opus_gemm_gfx942_wkc_512x16x32x64_1x1_16x16x16_0x0x0,0.0,9.08,316.7
gfx942,228,320,32,6144,False,torch.bfloat16,torch.bfloat16,False,False,opus,10305,0,12.6747,opus_gemm_gfx942_wkc_512x16x32x64_1x1_16x16x16_0x0x0,0.0,9.93,342.88
gfx942,228,352,32,6144,False,torch.bfloat16,torch.bfloat16,False,False,opus,10305,0,12.2731,opus_gemm_gfx942_wkc_512x16x32x64_1x1_16x16x16_0x0x0,0.0,11.28,386.3
gfx942,228,384,32,6144,False,torch.bfloat16,torch.bfloat16,False,False,opus,10305,0,12.7663,opus_gemm_gfx942_wkc_512x16x32x64_1x1_16x16x16_0x0x0,0.0,11.83,402.34
gfx942,228,416,32,6144,False,torch.bfloat16,torch.bfloat16,False,False,opus,10300,0,12.9524,opus_gemm_gfx942_wkc_512x16x16x64_1x1_16x16x16_0x0x0,0.0,12.63,427.08
gfx942,228,448,32,6144,False,torch.bfloat16,torch.bfloat16,False,False,opus,10302,0,12.8453,opus_gemm_gfx942_wkc_512x32x16x64_1x1_16x16x16_0x0x0,0.0,13.71,461.41
gfx942,228,480,32,6144,False,torch.bfloat16,torch.bfloat16,False,False,opus,10300,0,12.6679,opus_gemm_gfx942_wkc_512x16x16x64_1x1_16x16x16_0x0x0,0.0,14.9,499.07
gfx942,228,512,32,6144,False,torch.bfloat16,torch.bfloat16,False,False,opus,10305,0,12.5865,opus_gemm_gfx942_wkc_512x16x32x64_1x1_16x16x16_0x0x0,0.0,16.0,533.7
gfx942,228,544,32,6144,False,torch.bfloat16,torch.bfloat16,False,False,opus,10305,0,12.7129,opus_gemm_gfx942_wkc_512x16x32x64_1x1_16x16x16_0x0x0,0.0,16.83,559.49
gfx942,228,576,32,6144,False,torch.bfloat16,torch.bfloat16,False,False,opus,10300,0,12.6955,opus_gemm_gfx942_wkc_512x16x16x64_1x1_16x16x16_0x0x0,0.0,17.84,591.39
gfx942,228,608,32,6144,False,torch.bfloat16,torch.bfloat16,False,False,opus,10300,0,13.1443,opus_gemm_gfx942_wkc_512x16x16x64_1x1_16x16x16_0x0x0,0.0,18.19,601.27
gfx942,228,640,32,6144,False,torch.bfloat16,torch.bfloat16,False,False,opus,10300,0,13.1212,opus_gemm_gfx942_wkc_512x16x16x64_1x1_16x16x16_0x0x0,0.0,19.18,632.45
gfx942,228,672,32,6144,False,torch.bfloat16,torch.bfloat16,False,False,opus,10300,0,13.0922,opus_gemm_gfx942_wkc_512x16x16x64_1x1_16x16x16_0x0x0,0.0,20.18,664.04
gfx942,228,704,32,6144,False,torch.bfloat16,torch.bfloat16,False,False,opus,10314,0,9.3044,opus_gemm_gfx942_wkc_accum_256x64x16x64_1x1_16x16x16_0x0x0,0.0218,29.75,976.85
gfx942,228,736,32,6144,False,torch.bfloat16,torch.bfloat16,False,False,opus,10314,0,9.5305,opus_gemm_gfx942_wkc_accum_256x64x16x64_1x1_16x16x16_0x0x0,0.0189,30.37,995.15
gfx942,228,768,32,6144,False,torch.bfloat16,torch.bfloat16,False,False,opus,10314,0,9.7475,opus_gemm_gfx942_wkc_accum_256x64x16x64_1x1_16x16x16_0x0x0,0.0204,30.98,1013.55
gfx942,228,800,32,6144,False,torch.bfloat16,torch.bfloat16,False,False,opus,10300,0,13.7769,opus_gemm_gfx942_wkc_512x16x16x64_1x1_16x16x16_0x0x0,0.0,22.83,745.8
gfx942,228,832,32,6144,False,torch.bfloat16,torch.bfloat16,False,False,opus,10314,0,9.6971,opus_gemm_gfx942_wkc_accum_256x64x16x64_1x1_16x16x16_0x0x0,0.0225,33.74,1100.34
gfx942,228,864,32,6144,False,torch.bfloat16,torch.bfloat16,False,False,opus,10314,0,10.429,opus_gemm_gfx942_wkc_accum_256x64x16x64_1x1_16x16x16_0x0x0,0.02,32.58,1061.02
gfx942,228,896,32,6144,False,torch.bfloat16,torch.bfloat16,False,False,opus,10314,0,9.5906,opus_gemm_gfx942_wkc_accum_256x64x16x64_1x1_16x16x16_0x0x0,0.0212,36.74,1194.98
gfx942,228,928,32,6144,False,torch.bfloat16,torch.bfloat16,False,False,opus,10300,0,13.6539,opus_gemm_gfx942_wkc_512x16x16x64_1x1_16x16x16_0x0x0,0.0,26.73,868.31
gfx942,228,960,32,6144,False,torch.bfloat16,torch.bfloat16,False,False,opus,10300,0,13.4967,opus_gemm_gfx942_wkc_512x16x16x64_1x1_16x16x16_0x0x0,0.0,27.97,907.71
gfx942,228,992,32,6144,False,torch.bfloat16,torch.bfloat16,False,False,opus,10300,0,13.6959,opus_gemm_gfx942_wkc_512x16x16x64_1x1_16x16x16_0x0x0,0.0,28.48,923.37
gfx942,228,1024,32,6144,False,torch.bfloat16,torch.bfloat16,False,False,opus,10300,0,13.5059,opus_gemm_gfx942_wkc_512x16x16x64_1x1_16x16x16_0x0x0,0.0,29.81,965.63
gfx942,228,1088,32,6144,False,torch.bfloat16,torch.bfloat16,False,False,opus,10300,0,13.8596,opus_gemm_gfx942_wkc_512x16x16x64_1x1_16x16x16_0x0x0,0.0,30.87,998.02
gfx942,228,1152,32,6144,False,torch.bfloat16,torch.bfloat16,False,False,opus,10300,0,14.2205,opus_gemm_gfx942_wkc_512x16x16x64_1x1_16x16x16_0x0x0,0.0,31.85,1028.28
gfx942,228,1216,32,6144,False,torch.bfloat16,torch.bfloat16,False,False,opus,10300,0,14.1425,opus_gemm_gfx942_wkc_512x16x16x64_1x1_16x16x16_0x0x0,0.0,33.81,1089.85
gfx942,228,1280,32,6144,False,torch.bfloat16,torch.bfloat16,False,False,opus,10300,0,14.5396,opus_gemm_gfx942_wkc_512x16x16x64_1x1_16x16x16_0x0x0,0.0,34.62,1114.46
gfx942,228,1344,32,6144,False,torch.bfloat16,torch.bfloat16,False,False,opus,10300,0,14.2363,opus_gemm_gfx942_wkc_512x16x16x64_1x1_16x16x16_0x0x0,0.0,37.12,1193.73
gfx942,228,1408,32,6144,False,torch.bfloat16,torch.bfloat16,False,False,opus,10300,0,14.5798,opus_gemm_gfx942_wkc_512x16x16x64_1x1_16x16x16_0x0x0,0.0,37.97,1219.83
gfx942,228,1472,32,6144,False,torch.bfloat16,torch.bfloat16,False,False,opus,10300,0,14.7803,opus_gemm_gfx942_wkc_512x16x16x64_1x1_16x16x16_0x0x0,0.0,39.16,1256.76
gfx942,228,1536,32,6144,False,torch.bfloat16,torch.bfloat16,False,False,opus,10300,0,15.2094,opus_gemm_gfx942_wkc_512x16x16x64_1x1_16x16x16_0x0x0,0.0,39.71,1273.28
gfx942,228,1600,32,6144,False,torch.bfloat16,torch.bfloat16,False,False,opus,10300,0,15.328,opus_gemm_gfx942_wkc_512x16x16x64_1x1_16x16x16_0x0x0,0.0,41.05,1315.01
gfx942,228,1664,32,6144,False,torch.bfloat16,torch.bfloat16,False,False,opus,10300,0,15.9182,opus_gemm_gfx942_wkc_512x16x16x64_1x1_16x16x16_0x0x0,0.0,41.1,1315.91
gfx942,228,1728,32,6144,False,torch.bfloat16,torch.bfloat16,False,False,opus,10300,0,16.2526,opus_gemm_gfx942_wkc_512x16x16x64_1x1_16x16x16_0x0x0,0.0,41.81,1337.48
gfx942,228,1792,32,6144,False,torch.bfloat16,torch.bfloat16,False,False,opus,10300,0,16.4225,opus_gemm_gfx942_wkc_512x16x16x64_1x1_16x16x16_0x0x0,0.0,42.91,1371.78
gfx942,228,1856,32,6144,False,torch.bfloat16,torch.bfloat16,False,False,opus,10302,0,16.7061,opus_gemm_gfx942_wkc_512x32x16x64_1x1_16x16x16_0x0x0,0.0,43.69,1395.81
gfx942,228,1920,32,6144,False,torch.bfloat16,torch.bfloat16,False,False,opus,10302,0,16.9234,opus_gemm_gfx942_wkc_512x32x16x64_1x1_16x16x16_0x0x0,0.0,44.61,1424.6
gfx942,228,1984,32,6144,False,torch.bfloat16,torch.bfloat16,False,False,opus,10301,0,17.0574,opus_gemm_gfx942_wkc_512x16x32x32_1x1_16x16x16_0x0x0,0.0,45.74,1459.75
gfx942,228,2048,32,6144,False,torch.bfloat16,torch.bfloat16,False,False,opus,10301,0,17.536,opus_gemm_gfx942_wkc_512x16x32x32_1x1_16x16x16_0x0x0,0.0,45.92,1464.99
gfx942,228,2112,32,6144,False,torch.bfloat16,torch.bfloat16,False,False,opus,10301,0,17.51,opus_gemm_gfx942_wkc_512x16x32x32_1x1_16x16x16_0x0x0,0.0,47.43,1512.32
gfx942,228,2176,32,6144,False,torch.bfloat16,torch.bfloat16,False,False,opus,10301,0,18.0176,opus_gemm_gfx942_wkc_512x16x32x32_1x1_16x16x16_0x0x0,0.0,47.49,1513.58
gfx942,228,2240,32,6144,False,torch.bfloat16,torch.bfloat16,False,False,opus,10305,0,17.8683,opus_gemm_gfx942_wkc_512x16x32x64_1x1_16x16x16_0x0x0,0.0,49.29,1570.47
gfx942,228,2304,32,6144,False,torch.bfloat16,torch.bfloat16,False,False,opus,10301,0,17.9777,opus_gemm_gfx942_wkc_512x16x32x32_1x1_16x16x16_0x0x0,0.0,50.39,1604.89
gfx942,228,2368,32,6144,False,torch.bfloat16,torch.bfloat16,False,False,opus,10301,0,17.8353,opus_gemm_gfx942_wkc_512x16x32x32_1x1_16x16x16_0x0x0,0.0,52.21,1662.03
gfx942,228,2432,32,6144,False,torch.bfloat16,torch.bfloat16,False,False,opus,10301,0,18.1345,opus_gemm_gfx942_wkc_512x16x32x32_1x1_16x16x16_0x0x0,0.0,52.73,1678.2
gfx942,228,2496,32,6144,False,torch.bfloat16,torch.bfloat16,False,False,opus,10301,0,18.3355,opus_gemm_gfx942_wkc_512x16x32x32_1x1_16x16x16_0x0x0,0.0,53.53,1702.92
gfx942,228,2560,32,6144,False,torch.bfloat16,torch.bfloat16,False,False,opus,10305,0,18.5927,opus_gemm_gfx942_wkc_512x16x32x64_1x1_16x16x16_0x0x0,0.0,54.14,1721.88
gfx942,228,2624,32,6144,False,torch.bfloat16,torch.bfloat16,False,False,opus,10305,0,18.5493,opus_gemm_gfx942_wkc_512x16x32x64_1x1_16x16x16_0x0x0,0.0,55.62,1768.52
gfx942,228,2688,32,6144,False,torch.bfloat16,torch.bfloat16,False,False,opus,10305,0,18.5087,opus_gemm_gfx942_wkc_512x16x32x64_1x1_16x16x16_0x0x0,0.0,57.11,1815.11
gfx942,228,2752,32,6144,False,torch.bfloat16,torch.bfloat16,False,False,opus,10301,0,18.853,opus_gemm_gfx942_wkc_512x16x32x32_1x1_16x16x16_0x0x0,0.0,57.4,1823.9
gfx942,228,2816,32,6144,False,torch.bfloat16,torch.bfloat16,False,False,opus,10301,0,18.8744,opus_gemm_gfx942_wkc_512x16x32x32_1x1_16x16x16_0x0x0,0.0,58.67,1863.71
gfx942,228,2880,32,6144,False,torch.bfloat16,torch.bfloat16,False,False,opus,10301,0,19.8741,opus_gemm_gfx942_wkc_512x16x32x32_1x1_16x16x16_0x0x0,0.0,56.98,1809.74
gfx942,228,2944,32,6144,False,torch.bfloat16,torch.bfloat16,False,False,opus,10301,0,20.673,opus_gemm_gfx942_wkc_512x16x32x32_1x1_16x16x16_0x0x0,0.0,56.0,1778.04
gfx942,228,3008,32,6144,False,torch.bfloat16,torch.bfloat16,False,False,opus,10305,0,19.3794,opus_gemm_gfx942_wkc_512x16x32x64_1x1_16x16x16_0x0x0,0.0,61.03,1937.52
gfx942,228,3072,32,6144,False,torch.bfloat16,torch.bfloat16,False,False,opus,10305,0,20.5148,opus_gemm_gfx942_wkc_512x16x32x64_1x1_16x16x16_0x0x0,0.0,58.88,1868.82
gfx942,228,3136,32,6144,False,torch.bfloat16,torch.bfloat16,False,False,opus,10305,0,19.6913,opus_gemm_gfx942_wkc_512x16x32x64_1x1_16x16x16_0x0x0,0.0,62.62,1987.13
gfx942,228,3200,32,6144,False,torch.bfloat16,torch.bfloat16,False,False,opus,10305,0,20.6663,opus_gemm_gfx942_wkc_512x16x32x64_1x1_16x16x16_0x0x0,0.0,60.89,1931.63
gfx942,228,3264,32,6144,False,torch.bfloat16,torch.bfloat16,False,False,opus,10301,0,20.6966,opus_gemm_gfx942_wkc_512x16x32x32_1x1_16x16x16_0x0x0,0.0,62.01,1967.0
gfx942,228,3328,32,6144,False,torch.bfloat16,torch.bfloat16,False,False,opus,10301,0,20.8239,opus_gemm_gfx942_wkc_512x16x32x32_1x1_16x16x16_0x0x0,0.0,62.84,1992.93
gfx942,228,3392,32,6144,False,torch.bfloat16,torch.bfloat16,False,False,opus,10301,0,21.7255,opus_gemm_gfx942_wkc_512x16x32x32_1x1_16x16x16_0x0x0,0.0,61.39,1946.62
gfx942,228,3456,32,6144,False,torch.bfloat16,torch.bfloat16,False,False,opus,10305,0,21.2078,opus_gemm_gfx942_wkc_512x16x32x64_1x1_16x16x16_0x0x0,0.0,64.08,2031.41
gfx942,228,3520,32,6144,False,torch.bfloat16,torch.bfloat16,False,False,opus,10305,0,22.1127,opus_gemm_gfx942_wkc_512x16x32x64_1x1_16x16x16_0x0x0,0.0,62.59,1984.03
gfx942,228,3584,32,6144,False,torch.bfloat16,torch.bfloat16,False,False,opus,10301,0,22.6317,opus_gemm_gfx942_wkc_512x16x32x32_1x1_16x16x16_0x0x0,0.0,62.27,1973.46
gfx942,228,3648,32,6144,False,torch.bfloat16,torch.bfloat16,False,False,opus,10301,0,23.1435,opus_gemm_gfx942_wkc_512x16x32x32_1x1_16x16x16_0x0x0,0.0,61.98,1963.98
gfx942,228,3712,32,6144,False,torch.bfloat16,torch.bfloat16,False,False,opus,10303,0,31.9074,opus_gemm_gfx942_wkc_256x32x32x64_1x1_16x16x16_0x0x0,0.0,45.75,1449.31
gfx942,228,3776,32,6144,False,torch.bfloat16,torch.bfloat16,False,False,opus,10303,0,31.9353,opus_gemm_gfx942_wkc_256x32x32x64_1x1_16x16x16_0x0x0,0.0,46.49,1472.8
gfx942,228,3840,32,6144,False,torch.bfloat16,torch.bfloat16,False,False,opus,10303,0,31.976,opus_gemm_gfx942_wkc_256x32x32x64_1x1_16x16x16_0x0x0,0.0,47.22,1495.65
gfx942,228,3904,32,6144,False,torch.bfloat16,torch.bfloat16,False,False,opus,10303,0,32.7746,opus_gemm_gfx942_wkc_256x32x32x64_1x1_16x16x16_0x0x0,0.0,46.84,1483.33
gfx942,228,3968,32,6144,False,torch.bfloat16,torch.bfloat16,False,False,opus,10303,0,32.3881,opus_gemm_gfx942_wkc_256x32x32x64_1x1_16x16x16_0x0x0,0.0,48.17,1525.44
gfx942,228,4032,32,6144,False,torch.bfloat16,torch.bfloat16,False,False,opus,10303,0,32.3176,opus_gemm_gfx942_wkc_256x32x32x64_1x1_16x16x16_0x0x0,0.0,49.06,1553.22
gfx942,228,4096,32,6144,False,torch.bfloat16,torch.bfloat16,False,False,opus,10303,0,32.5973,opus_gemm_gfx942_wkc_256x32x32x64_1x1_16x16x16_0x0x0,0.0,49.41,1564.15
gfx942,228,4224,32,6144,False,torch.bfloat16,torch.bfloat16,False,False,opus,10303,0,32.7438,opus_gemm_gfx942_wkc_256x32x32x64_1x1_16x16x16_0x0x0,0.0,50.73,1605.44
gfx942,228,4352,32,6144,False,torch.bfloat16,torch.bfloat16,False,False,opus,10303,0,32.6488,opus_gemm_gfx942_wkc_256x32x32x64_1x1_16x16x16_0x0x0,0.0,52.41,1658.53
gfx942,228,4480,32,6144,False,torch.bfloat16,torch.bfloat16,False,False,opus,10303,0,32.9959,opus_gemm_gfx942_wkc_256x32x32x64_1x1_16x16x16_0x0x0,0.0,53.39,1689.0
gfx942,228,4608,32,6144,False,torch.bfloat16,torch.bfloat16,False,False,opus,10303,0,33.9714,opus_gemm_gfx942_wkc_256x32x32x64_1x1_16x16x16_0x0x0,0.0,53.34,1687.04
gfx942,228,4736,32,6144,False,torch.bfloat16,torch.bfloat16,False,False,opus,10303,0,34.1261,opus_gemm_gfx942_wkc_256x32x32x64_1x1_16x16x16_0x0x0,0.0,54.57,1725.73
gfx942,228,4864,32,6144,False,torch.bfloat16,torch.bfloat16,False,False,opus,10303,0,33.8078,opus_gemm_gfx942_wkc_256x32x32x64_1x1_16x16x16_0x0x0,0.0,56.57,1788.74
gfx942,228,4992,32,6144,False,torch.bfloat16,torch.bfloat16,False,False,opus,10303,0,35.2793,opus_gemm_gfx942_wkc_256x32x32x64_1x1_16x16x16_0x0x0,0.0,55.64,1758.95
gfx942,228,5120,32,6144,False,torch.bfloat16,torch.bfloat16,False,False,opus,10303,0,36.2267,opus_gemm_gfx942_wkc_256x32x32x64_1x1_16x16x16_0x0x0,0.0,55.57,1756.59
gfx942,228,5248,32,6144,False,torch.bfloat16,torch.bfloat16,False,False,opus,10303,0,35.6913,opus_gemm_gfx942_wkc_256x32x32x64_1x1_16x16x16_0x0x0,0.0,57.82,1827.24
gfx942,228,5376,32,6144,False,torch.bfloat16,torch.bfloat16,False,False,opus,10303,0,36.3016,opus_gemm_gfx942_wkc_256x32x32x64_1x1_16x16x16_0x0x0,0.0,58.23,1840.07
gfx942,228,5504,32,6144,False,torch.bfloat16,torch.bfloat16,False,False,opus,10303,0,36.4311,opus_gemm_gfx942_wkc_256x32x32x64_1x1_16x16x16_0x0x0,0.0,59.41,1876.93
gfx942,228,5632,32,6144,False,torch.bfloat16,torch.bfloat16,False,False,opus,10303,0,37.0233,opus_gemm_gfx942_wkc_256x32x32x64_1x1_16x16x16_0x0x0,0.0,59.82,1889.61
gfx942,228,5760,32,6144,False,torch.bfloat16,torch.bfloat16,False,False,opus,10303,0,37.0928,opus_gemm_gfx942_wkc_256x32x32x64_1x1_16x16x16_0x0x0,0.0,61.06,1928.7
gfx942,228,5888,32,6144,False,torch.bfloat16,torch.bfloat16,False,False,opus,10303,0,37.476,opus_gemm_gfx942_wkc_256x32x32x64_1x1_16x16x16_0x0x0,0.0,61.78,1951.16
gfx942,228,6016,32,6144,False,torch.bfloat16,torch.bfloat16,False,False,opus,10303,0,37.4018,opus_gemm_gfx942_wkc_256x32x32x64_1x1_16x16x16_0x0x0,0.0,63.25,1997.31
gfx942,228,6144,32,6144,False,torch.bfloat16,torch.bfloat16,False,False,opus,10303,0,37.6055,opus_gemm_gfx942_wkc_256x32x32x64_1x1_16x16x16_0x0x0,0.0,64.24,2028.53
gfx942,228,6272,32,6144,False,torch.bfloat16,torch.bfloat16,False,False,opus,10303,0,38.9119,opus_gemm_gfx942_wkc_256x32x32x64_1x1_16x16x16_0x0x0,0.0,63.38,2001.06
gfx942,228,6400,32,6144,False,torch.bfloat16,torch.bfloat16,False,False,opus,10303,0,39.4884,opus_gemm_gfx942_wkc_256x32x32x64_1x1_16x16x16_0x0x0,0.0,63.73,2011.88
gfx942,228,6528,32,6144,False,torch.bfloat16,torch.bfloat16,False,False,opus,10303,0,40.8236,opus_gemm_gfx942_wkc_256x32x32x64_1x1_16x16x16_0x0x0,0.0,62.88,1984.81
gfx942,228,6656,32,6144,False,torch.bfloat16,torch.bfloat16,False,False,opus,10303,0,38.8155,opus_gemm_gfx942_wkc_256x32x32x64_1x1_16x16x16_0x0x0,0.0,67.43,2128.23
gfx942,228,6784,32,6144,False,torch.bfloat16,torch.bfloat16,False,False,opus,10303,0,41.4332,opus_gemm_gfx942_wkc_256x32x32x64_1x1_16x16x16_0x0x0,0.0,64.38,2031.93
gfx942,228,6912,32,6144,False,torch.bfloat16,torch.bfloat16,False,False,opus,10303,0,40.5117,opus_gemm_gfx942_wkc_256x32x32x64_1x1_16x16x16_0x0x0,0.0,67.09,2117.17
gfx942,228,7040,32,6144,False,torch.bfloat16,torch.bfloat16,False,False,opus,10303,0,41.3811,opus_gemm_gfx942_wkc_256x32x32x64_1x1_16x16x16_0x0x0,0.0,66.9,2110.9
gfx942,228,7168,32,6144,False,torch.bfloat16,torch.bfloat16,False,False,opus,10303,0,42.0739,opus_gemm_gfx942_wkc_256x32x32x64_1x1_16x16x16_0x0x0,0.0,66.99,2113.72
gfx942,228,7296,32,6144,False,torch.bfloat16,torch.bfloat16,False,False,opus,10303,0,43.6482,opus_gemm_gfx942_wkc_256x32x32x64_1x1_16x16x16_0x0x0,0.0,65.73,2073.7
gfx942,228,7424,32,6144,False,torch.bfloat16,torch.bfloat16,False,False,opus,10305,0,56.4819,opus_gemm_gfx942_wkc_512x16x32x64_1x1_16x16x16_0x0x0,0.0,51.68,1630.51
gfx942,228,7552,32,6144,False,torch.bfloat16,torch.bfloat16,False,False,opus,10305,0,57.016,opus_gemm_gfx942_wkc_512x16x32x64_1x1_16x16x16_0x0x0,0.0,52.08,1642.97
gfx942,228,7680,32,6144,False,torch.bfloat16,torch.bfloat16,False,False,opus,10301,0,57.6681,opus_gemm_gfx942_wkc_512x16x32x32_1x1_16x16x16_0x0x0,0.0,52.37,1651.81
gfx942,228,7808,32,6144,False,torch.bfloat16,torch.bfloat16,False,False,opus,10305,0,55.2824,opus_gemm_gfx942_wkc_512x16x32x64_1x1_16x16x16_0x0x0,0.0,55.54,1751.69
gfx942,228,7936,32,6144,False,torch.bfloat16,torch.bfloat16,False,False,opus,10301,0,56.2885,opus_gemm_gfx942_wkc_512x16x32x32_1x1_16x16x16_0x0x0,0.0,55.44,1748.47
gfx942,228,8064,32,6144,False,torch.bfloat16,torch.bfloat16,False,False,opus,10305,0,57.5832,opus_gemm_gfx942_wkc_512x16x32x64_1x1_16x16x16_0x0x0,0.0,55.07,1736.61
gfx942,228,8192,32,6144,False,torch.bfloat16,torch.bfloat16,False,False,opus,10305,0,56.3135,opus_gemm_gfx942_wkc_512x16x32x64_1x1_16x16x16_0x0x0,0.0,57.2,1803.84
gfx942,228,8320,32,6144,False,torch.bfloat16,torch.bfloat16,False,False,opus,10301,0,55.985,opus_gemm_gfx942_wkc_512x16x32x32_1x1_16x16x16_0x0x0,0.0,58.44,1842.67
gfx942,228,8448,32,6144,False,torch.bfloat16,torch.bfloat16,False,False,opus,10305,0,59.1186,opus_gemm_gfx942_wkc_512x16x32x64_1x1_16x16x16_0x0x0,0.0,56.19,1771.74
gfx942,228,8576,32,6144,False,torch.bfloat16,torch.bfloat16,False,False,opus,10301,0,55.4026,opus_gemm_gfx942_wkc_512x16x32x32_1x1_16x16x16_0x0x0,0.0,60.87,1919.12
gfx942,228,8704,32,6144,False,torch.bfloat16,torch.bfloat16,False,False,opus,10301,0,56.3961,opus_gemm_gfx942_wkc_512x16x32x32_1x1_16x16x16_0x0x0,0.0,60.69,1913.34
gfx942,228,8832,32,6144,False,torch.bfloat16,torch.bfloat16,False,False,opus,10301,0,57.3687,opus_gemm_gfx942_wkc_512x16x32x32_1x1_16x16x16_0x0x0,0.0,60.54,1908.46
gfx942,228,8960,32,6144,False,torch.bfloat16,torch.bfloat16,False,False,opus,10301,0,56.5341,opus_gemm_gfx942_wkc_512x16x32x32_1x1_16x16x16_0x0x0,0.0,62.32,1964.6
gfx942,228,9088,32,6144,False,torch.bfloat16,torch.bfloat16,False,False,opus,10301,0,56.884,opus_gemm_gfx942_wkc_512x16x32x32_1x1_16x16x16_0x0x0,0.0,62.82,1980.31
gfx942,228,9216,32,6144,False,torch.bfloat16,torch.bfloat16,False,False,opus,10305,0,57.2767,opus_gemm_gfx942_wkc_512x16x32x64_1x1_16x16x16_0x0x0,0.0,63.27,1994.34
gfx942,228,9344,32,6144,False,torch.bfloat16,torch.bfloat16,False,False,opus,10301,0,56.2699,opus_gemm_gfx942_wkc_512x16x32x32_1x1_16x16x16_0x0x0,0.0,65.3,2058.12
gfx942,228,9472,32,6144,False,torch.bfloat16,torch.bfloat16,False,False,opus,10301,0,57.6132,opus_gemm_gfx942_wkc_512x16x32x32_1x1_16x16x16_0x0x0,0.0,64.65,2037.58
gfx942,228,9600,32,6144,False,torch.bfloat16,torch.bfloat16,False,False,opus,10301,0,57.5501,opus_gemm_gfx942_wkc_512x16x32x32_1x1_16x16x16_0x0x0,0.0,65.59,2067.28
gfx942,228,9728,32,6144,False,torch.bfloat16,torch.bfloat16,False,False,opus,10301,0,58.6345,opus_gemm_gfx942_wkc_512x16x32x32_1x1_16x16x16_0x0x0,0.0,65.24,2056.02
gfx942,228,9856,32,6144,False,torch.bfloat16,torch.bfloat16,False,False,opus,10301,0,58.6762,opus_gemm_gfx942_wkc_512x16x32x32_1x1_16x16x16_0x0x0,0.0,66.05,2081.5
gfx942,228,9984,32,6144,False,torch.bfloat16,torch.bfloat16,False,False,opus,10301,0,58.5532,opus_gemm_gfx942_wkc_512x16x32x32_1x1_16x16x16_0x0x0,0.0,67.05,2112.87
gfx942,228,10112,32,6144,False,torch.bfloat16,torch.bfloat16,False,False,opus,10301,0,61.4663,opus_gemm_gfx942_wkc_512x16x32x32_1x1_16x16x16_0x0x0,0.0,64.69,2038.46
gfx942,228,10240,32,6144,False,torch.bfloat16,torch.bfloat16,False,False,opus,10301,0,59.8222,opus_gemm_gfx942_wkc_512x16x32x32_1x1_16x16x16_0x0x0,0.0,67.31,2120.91
gfx942,228,10368,32,6144,False,torch.bfloat16,torch.bfloat16,False,False,opus,10301,0,60.2783,opus_gemm_gfx942_wkc_512x16x32x32_1x1_16x16x16_0x0x0,0.0,67.63,2131.09
gfx942,228,10496,32,6144,False,torch.bfloat16,torch.bfloat16,False,False,opus,10301,0,61.091,opus_gemm_gfx942_wkc_512x16x32x32_1x1_16x16x16_0x0x0,0.0,67.56,2128.62
gfx942,228,10624,32,6144,False,torch.bfloat16,torch.bfloat16,False,False,opus,10305,0,62.4483,opus_gemm_gfx942_wkc_512x16x32x64_1x1_16x16x16_0x0x0,0.0,66.9,2107.68
gfx942,228,10752,32,6144,False,torch.bfloat16,torch.bfloat16,False,False,opus,10301,0,62.7912,opus_gemm_gfx942_wkc_512x16x32x32_1x1_16x16x16_0x0x0,0.0,67.33,2121.35
gfx942,228,10880,32,6144,False,torch.bfloat16,torch.bfloat16,False,False,opus,10305,0,63.8792,opus_gemm_gfx942_wkc_512x16x32x64_1x1_16x16x16_0x0x0,0.0,66.97,2109.97
gfx942,228,11008,32,6144,False,torch.bfloat16,torch.bfloat16,False,False,opus,10303,0,69.7861,opus_gemm_gfx942_wkc_256x32x32x64_1x1_16x16x16_0x0x0,0.0,62.03,1954.03
gfx942,228,11136,32,6144,False,torch.bfloat16,torch.bfloat16,False,False,opus,10303,0,69.4029,opus_gemm_gfx942_wkc_256x32x32x64_1x1_16x16x16_0x0x0,0.0,63.09,1987.6
gfx942,228,11264,32,6144,False,torch.bfloat16,torch.bfloat16,False,False,opus,10303,0,70.2828,opus_gemm_gfx942_wkc_256x32x32x64_1x1_16x16x16_0x0x0,0.0,63.02,1985.21
gfx942,228,11392,32,6144,False,torch.bfloat16,torch.bfloat16,False,False,opus,10303,0,70.0984,opus_gemm_gfx942_wkc_256x32x32x64_1x1_16x16x16_0x0x0,0.0,63.9,2012.99
gfx942,228,11520,32,6144,False,torch.bfloat16,torch.bfloat16,False,False,opus,10303,0,70.6632,opus_gemm_gfx942_wkc_256x32x32x64_1x1_16x16x16_0x0x0,0.0,64.1,2019.27
gfx942,228,11648,32,6144,False,torch.bfloat16,torch.bfloat16,False,False,opus,10303,0,69.1879,opus_gemm_gfx942_wkc_256x32x32x64_1x1_16x16x16_0x0x0,0.0,66.2,2085.18
gfx942,228,11776,32,6144,False,torch.bfloat16,torch.bfloat16,False,False,opus,10303,0,70.5708,opus_gemm_gfx942_wkc_256x32x32x64_1x1_16x16x16_0x0x0,0.0,65.62,2066.72
gfx942,228,11904,32,6144,False,torch.bfloat16,torch.bfloat16,False,False,opus,10303,0,71.0118,opus_gemm_gfx942_wkc_256x32x32x64_1x1_16x16x16_0x0x0,0.0,65.92,2076.15
gfx942,228,12032,32,6144,False,torch.bfloat16,torch.bfloat16,False,False,opus,10303,0,72.1384,opus_gemm_gfx942_wkc_256x32x32x64_1x1_16x16x16_0x0x0,0.0,65.58,2065.65
gfx942,228,12160,32,6144,False,torch.bfloat16,torch.bfloat16,False,False,opus,10303,0,71.6086,opus_gemm_gfx942_wkc_256x32x32x64_1x1_16x16x16_0x0x0,0.0,66.77,2103.01
gfx942,228,12288,32,6144,False,torch.bfloat16,torch.bfloat16,False,False,opus,10303,0,72.231,opus_gemm_gfx942_wkc_256x32x32x64_1x1_16x16x16_0x0x0,0.0,66.89,2106.78
gfx942,228,12416,32,6144,False,torch.bfloat16,torch.bfloat16,False,False,opus,10303,0,72.4201,opus_gemm_gfx942_wkc_256x32x32x64_1x1_16x16x16_0x0x0,0.0,67.41,2123.11
gfx942,228,12544,32,6144,False,torch.bfloat16,torch.bfloat16,False,False,opus,10303,0,72.6674,opus_gemm_gfx942_wkc_256x32x32x64_1x1_16x16x16_0x0x0,0.0,67.88,2137.64
gfx942,228,12672,32,6144,False,torch.bfloat16,torch.bfloat16,False,False,opus,10303,0,74.2059,opus_gemm_gfx942_wkc_256x32x32x64_1x1_16x16x16_0x0x0,0.0,67.15,2114.63
gfx942,228,12800,32,6144,False,torch.bfloat16,torch.bfloat16,False,False,opus,10303,0,73.6772,opus_gemm_gfx942_wkc_256x32x32x64_1x1_16x16x16_0x0x0,0.0,68.31,2151.26
gfx942,228,12928,32,6144,False,torch.bfloat16,torch.bfloat16,False,False,opus,10303,0,74.5426,opus_gemm_gfx942_wkc_256x32x32x64_1x1_16x16x16_0x0x0,0.0,68.2,2147.5
gfx942,228,13056,32,6144,False,torch.bfloat16,torch.bfloat16,False,False,opus,10303,0,74.9664,opus_gemm_gfx942_wkc_256x32x32x64_1x1_16x16x16_0x0x0,0.0,68.48,2156.45
gfx942,228,13184,32,6144,False,torch.bfloat16,torch.bfloat16,False,False,opus,10303,0,75.7337,opus_gemm_gfx942_wkc_256x32x32x64_1x1_16x16x16_0x0x0,0.0,68.45,2155.47
gfx942,228,13312,32,6144,False,torch.bfloat16,torch.bfloat16,False,False,opus,10303,0,76.4716,opus_gemm_gfx942_wkc_256x32x32x64_1x1_16x16x16_0x0x0,0.0,68.45,2155.35
gfx942,228,13440,32,6144,False,torch.bfloat16,torch.bfloat16,False,False,opus,10303,0,76.367,opus_gemm_gfx942_wkc_256x32x32x64_1x1_16x16x16_0x0x0,0.0,69.2,2179.01
gfx942,228,13568,32,6144,False,torch.bfloat16,torch.bfloat16,False,False,opus,10303,0,76.5642,opus_gemm_gfx942_wkc_256x32x32x64_1x1_16x16x16_0x0x0,0.0,69.68,2194.04
gfx942,228,13696,32,6144,False,torch.bfloat16,torch.bfloat16,False,False,opus,10303,0,77.3901,opus_gemm_gfx942_wkc_256x32x32x64_1x1_16x16x16_0x0x0,0.0,69.59,2191.06
gfx942,228,13824,32,6144,False,torch.bfloat16,torch.bfloat16,False,False,opus,10303,0,77.9726,opus_gemm_gfx942_wkc_256x32x32x64_1x1_16x16x16_0x0x0,0.0,69.71,2194.97
gfx942,228,13952,32,6144,False,torch.bfloat16,torch.bfloat16,False,False,opus,10303,0,79.0306,opus_gemm_gfx942_wkc_256x32x32x64_1x1_16x16x16_0x0x0,0.0,69.42,2185.59
gfx942,228,14080,32,6144,False,torch.bfloat16,torch.bfloat16,False,False,opus,10303,0,78.9662,opus_gemm_gfx942_wkc_256x32x32x64_1x1_16x16x16_0x0x0,0.0,70.11,2207.39
gfx942,228,14208,32,6144,False,torch.bfloat16,torch.bfloat16,False,False,opus,10303,0,79.2316,opus_gemm_gfx942_wkc_256x32x32x64_1x1_16x16x16_0x0x0,0.0,70.51,2219.95
gfx942,228,14336,32,6144,False,torch.bfloat16,torch.bfloat16,False,False,opus,10303,0,76.2365,opus_gemm_gfx942_wkc_256x32x32x64_1x1_16x16x16_0x0x0,0.0,73.94,2327.91
gfx942,228,14464,32,6144,False,torch.bfloat16,torch.bfloat16,False,False,opus,10303,0,78.1959,opus_gemm_gfx942_wkc_256x32x32x64_1x1_16x16x16_0x0x0,0.0,72.73,2289.79
gfx942,228,14592,32,6144,False,torch.bfloat16,torch.bfloat16,False,False,opus,10303,0,79.5113,opus_gemm_gfx942_wkc_256x32x32x64_1x1_16x16x16_0x0x0,0.0,72.16,2271.8
gfx942,228,14720,32,6144,False,torch.bfloat16,torch.bfloat16,False,False,opus,10305,0,92.266,opus_gemm_gfx942_wkc_512x16x32x64_1x1_16x16x16_0x0x0,0.0,62.73,1974.88
gfx942,228,14848,32,6144,False,torch.bfloat16,torch.bfloat16,False,False,opus,10301,0,89.6343,opus_gemm_gfx942_wkc_512x16x32x32_1x1_16x16x16_0x0x0,0.0,65.14,2050.51
gfx942,228,14976,32,6144,False,torch.bfloat16,torch.bfloat16,False,False,opus,10301,0,90.4136,opus_gemm_gfx942_wkc_512x16x32x32_1x1_16x16x16_0x0x0,0.0,65.13,2050.32
gfx942,228,15104,32,6144,False,torch.bfloat16,torch.bfloat16,False,False,opus,10301,0,91.4644,opus_gemm_gfx942_wkc_512x16x32x32_1x1_16x16x16_0x0x0,0.0,64.93,2044.05
gfx942,228,15232,32,6144,False,torch.bfloat16,torch.bfloat16,False,False,opus,10301,0,91.1739,opus_gemm_gfx942_wkc_512x16x32x32_1x1_16x16x16_0x0x0,0.0,65.69,2067.9
gfx942,228,15360,32,6144,False,torch.bfloat16,torch.bfloat16,False,False,opus,10301,0,91.1376,opus_gemm_gfx942_wkc_512x16x32x32_1x1_16x16x16_0x0x0,0.0,66.27,2086.08
gfx942,228,15488,32,6144,False,torch.bfloat16,torch.bfloat16,False,False,opus,10301,0,93.5335,opus_gemm_gfx942_wkc_512x16x32x32_1x1_16x16x16_0x0x0,0.0,65.11,2049.54
gfx942,228,15616,32,6144,False,torch.bfloat16,torch.bfloat16,False,False,opus,10301,0,93.1599,opus_gemm_gfx942_wkc_512x16x32x32_1x1_16x16x16_0x0x0,0.0,65.91,2074.73
gfx942,228,15744,32,6144,False,torch.bfloat16,torch.bfloat16,False,False,opus,10301,0,92.6912,opus_gemm_gfx942_wkc_512x16x32x32_1x1_16x16x16_0x0x0,0.0,66.79,2102.28
gfx942,228,15872,32,6144,False,torch.bfloat16,torch.bfloat16,False,False,opus,10301,0,92.934,opus_gemm_gfx942_wkc_512x16x32x32_1x1_16x16x16_0x0x0,0.0,67.16,2113.8
gfx942,228,16000,32,6144,False,torch.bfloat16,torch.bfloat16,False,False,opus,10305,0,96.0646,opus_gemm_gfx942_wkc_512x16x32x64_1x1_16x16x16_0x0x0,0.0,65.49,2061.38
gfx942,228,16128,32,6144,False,torch.bfloat16,torch.bfloat16,False,False,opus,10301,0,93.1868,opus_gemm_gfx942_wkc_512x16x32x32_1x1_16x16x16_0x0x0,0.0,68.05,2142.0
gfx942,228,16256,32,6144,False,torch.bfloat16,torch.bfloat16,False,False,opus,10301,0,93.863,opus_gemm_gfx942_wkc_512x16x32x32_1x1_16x16x16_0x0x0,0.0,68.1,2143.41
gfx942,228,16384,32,6144,False,torch.bfloat16,torch.bfloat16,False,False,opus,10301,0,94.5649,opus_gemm_gfx942_wkc_512x16x32x32_1x1_16x16x16_0x0x0,0.0,68.13,2144.22
gfx942,228,1,256,6144,False,torch.bfloat16,torch.bfloat16,False,False,skinny,2,0,6.9366,sol2,0.0,0.45,455.34
gfx942,228,2,256,6144,False,torch.bfloat16,torch.bfloat16,False,False,asm,1,16,6.965,_ZN5aiter39bf16gemm_fp32bf16_tn_32x64_splitk_cleanE,0.0254,0.9,455.32
gfx942,228,4,256,6144,False,torch.bfloat16,torch.bfloat16,False,False,asm,1,16,7.0731,_ZN5aiter39bf16gemm_fp32bf16_tn_32x64_splitk_cleanE,0.0264,1.78,451.98
gfx942,228,8,256,6144,False,torch.bfloat16,torch.bfloat16,False,False,asm,3,16,7.5372,_ZN5aiter39bf16gemm_fp32bf16_tn_48x64_splitk_cleanE,0.0239,3.34,430.95
gfx942,228,16,256,6144,False,torch.bfloat16,torch.bfloat16,False,False,asm,3,16,7.6917,_ZN5aiter39bf16gemm_fp32bf16_tn_48x64_splitk_cleanE,0.0251,6.54,435.6
gfx942,228,32,256,6144,False,torch.bfloat16,torch.bfloat16,False,False,asm,1,16,8.0344,_ZN5aiter39bf16gemm_fp32bf16_tn_32x64_splitk_cleanE,0.028,12.53,442.51
gfx942,228,48,256,6144,False,torch.bfloat16,torch.bfloat16,False,False,asm,3,16,8.6188,_ZN5aiter39bf16gemm_fp32bf16_tn_48x64_splitk_cleanE,0.0298,17.52,436.27
gfx942,228,64,256,6144,False,torch.bfloat16,torch.bfloat16,False,False,asm,5,16,8.8663,_ZN5aiter39bf16gemm_fp32bf16_tn_64x64_splitk_cleanE,0.0293,22.71,447.19
gfx942,228,80,256,6144,False,torch.bfloat16,torch.bfloat16,False,False,asm,5,12,9.8334,_ZN5aiter39bf16gemm_fp32bf16_tn_64x64_splitk_cleanE,0.0273,25.59,424.04
gfx942,228,96,256,6144,False,torch.bfloat16,torch.bfloat16,False,False,opus,10313,0,7.7306,opus_gemm_gfx942_wkc_accum_256x32x32x64_1x1_16x16x16_0x0x0,0.0375,39.06,565.87
gfx942,228,112,256,6144,False,torch.bfloat16,torch.bfloat16,False,False,asm,5,12,10.1735,_ZN5aiter39bf16gemm_fp32bf16_tn_64x64_splitk_cleanE,0.0267,34.63,450.12
gfx942,228,128,256,6144,False,torch.bfloat16,torch.bfloat16,False,False,opus,10300,0,10.2245,opus_gemm_gfx942_wkc_512x16x16x64_1x1_16x16x16_0x0x0,0.0,39.38,467.91
gfx942,228,144,256,6144,False,torch.bfloat16,torch.bfloat16,False,False,opus,10300,0,10.3866,opus_gemm_gfx942_wkc_512x16x16x64_1x1_16x16x16_0x0x0,0.0,43.61,480.32
gfx942,228,160,256,6144,False,torch.bfloat16,torch.bfloat16,False,False,opus,10300,0,10.2958,opus_gemm_gfx942_wkc_512x16x16x64_1x1_16x16x16_0x0x0,0.0,48.89,504.45
gfx942,228,176,256,6144,False,torch.bfloat16,torch.bfloat16,False,False,opus,10300,0,10.1679,opus_gemm_gfx942_wkc_512x16x16x64_1x1_16x16x16_0x0x0,0.0,54.45,530.94
gfx942,228,192,256,6144,False,torch.bfloat16,torch.bfloat16,False,False,opus,10300,0,10.2032,opus_gemm_gfx942_wkc_512x16x16x64_1x1_16x16x16_0x0x0,0.0,59.2,549.17
gfx942,228,208,256,6144,False,torch.bfloat16,torch.bfloat16,False,False,opus,10300,0,10.2787,opus_gemm_gfx942_wkc_512x16x16x64_1x1_16x16x16_0x0x0,0.0,63.66,565.06
gfx942,228,224,256,6144,False,torch.bfloat16,torch.bfloat16,False,False,opus,10300,0,11.4138,opus_gemm_gfx942_wkc_512x16x16x64_1x1_16x16x16_0x0x0,0.0,61.74,526.81
gfx942,228,240,256,6144,False,torch.bfloat16,torch.bfloat16,False,False,opus,10305,0,11.9345,opus_gemm_gfx942_wkc_512x16x32x64_1x1_16x16x16_0x0x0,0.0,63.26,520.99
gfx942,228,256,256,6144,False,torch.bfloat16,torch.bfloat16,False,False,opus,10305,0,11.7482,opus_gemm_gfx942_wkc_512x16x32x64_1x1_16x16x16_0x0x0,0.0,68.55,546.68
gfx942,228,288,256,6144,False,torch.bfloat16,torch.bfloat16,False,False,opus,10305,0,12.0931,opus_gemm_gfx942_wkc_512x16x32x64_1x1_16x16x16_0x0x0,0.0,74.92,564.96
gfx942,228,320,256,6144,False,torch.bfloat16,torch.bfloat16,False,False,opus,10305,0,12.3735,opus_gemm_gfx942_wkc_512x16x32x64_1x1_16x16x16_0x0x0,0.0,81.35,585.26
gfx942,228,352,256,6144,False,torch.bfloat16,torch.bfloat16,False,False,opus,10305,0,12.4672,opus_gemm_gfx942_wkc_512x16x32x64_1x1_16x16x16_0x0x0,0.0,88.82,613.72
gfx942,228,384,256,6144,False,torch.bfloat16,torch.bfloat16,False,False,opus,10305,0,13.2615,opus_gemm_gfx942_wkc_512x16x32x64_1x1_16x16x16_0x0x0,0.0,91.09,607.84
gfx942,228,416,256,6144,False,torch.bfloat16,torch.bfloat16,False,False,opus,10302,0,13.8467,opus_gemm_gfx942_wkc_512x32x16x64_1x1_16x16x16_0x0x0,0.0,94.51,611.74
gfx942,228,448,256,6144,False,torch.bfloat16,torch.bfloat16,False,False,opus,10305,0,14.5297,opus_gemm_gfx942_wkc_512x16x32x64_1x1_16x16x16_0x0x0,0.0,96.99,611.17
gfx942,228,480,256,6144,False,torch.bfloat16,torch.bfloat16,False,False,asm,5,6,16.3456,_ZN5aiter39bf16gemm_fp32bf16_tn_64x64_splitk_cleanE,0.0177,92.38,568.33
gfx942,228,512,256,6144,False,torch.bfloat16,torch.bfloat16,False,False,asm,3,5,16.8692,_ZN5aiter39bf16gemm_fp32bf16_tn_48x64_splitk_cleanE,0.0157,95.48,574.97
gfx942,228,544,256,6144,False,torch.bfloat16,torch.bfloat16,False,False,asm,5,5,17.3082,_ZN5aiter39bf16gemm_fp32bf16_tn_64x64_splitk_cleanE,0.0156,98.87,584.05
gfx942,228,576,256,6144,False,torch.bfloat16,torch.bfloat16,False,False,opus,10213,0,17.9726,opus_gemm_gfx942_splitk_p1_bk128_bf16ws_256x64x64x128_2x2_16x16x16_0x0x0,0.0116,100.82,585.25
gfx942,228,608,256,6144,False,torch.bfloat16,torch.bfloat16,False,False,asm,3,4,18.2495,_ZN5aiter39bf16gemm_fp32bf16_tn_48x64_splitk_cleanE,0.0131,104.8,598.82
gfx942,228,640,256,6144,False,torch.bfloat16,torch.bfloat16,False,False,opus,10213,6,18.6024,opus_gemm_gfx942_splitk_p1_bk128_bf16ws_256x64x64x128_2x2_16x16x16_0x0x0,0.011,108.23,609.48
gfx942,228,672,256,6144,False,torch.bfloat16,torch.bfloat16,False,False,asm,5,4,19.7684,_ZN5aiter39bf16gemm_fp32bf16_tn_64x64_splitk_cleanE,0.0131,106.93,594.25
gfx942,228,704,256,6144,False,torch.bfloat16,torch.bfloat16,False,False,asm,5,5,20.5869,_ZN5aiter39bf16gemm_fp32bf16_tn_64x64_splitk_cleanE,0.0151,107.57,590.52
gfx942,228,736,256,6144,False,torch.bfloat16,torch.bfloat16,False,False,asm,5,4,20.9667,_ZN5aiter39bf16gemm_fp32bf16_tn_64x64_splitk_cleanE,0.0127,110.43,599.36
gfx942,228,768,256,6144,False,torch.bfloat16,torch.bfloat16,False,False,asm,5,4,21.8026,_ZN5aiter39bf16gemm_fp32bf16_tn_64x64_splitk_cleanE,0.013,110.81,595.16
gfx942,228,800,256,6144,False,torch.bfloat16,torch.bfloat16,False,False,opus,10201,6,22.4292,opus_gemm_gfx942_splitk_p1_256x64x64x64_2x2_16x16x16_0x0x0,0.0,112.2,596.8
gfx942,228,832,256,6144,False,torch.bfloat16,torch.bfloat16,False,False,opus,10213,8,22.5061,opus_gemm_gfx942_splitk_p1_bk128_bf16ws_256x64x64x128_2x2_16x16x16_0x0x0,0.0116,116.29,612.96
gfx942,228,864,256,6144,False,torch.bfloat16,torch.bfloat16,False,False,asm,5,4,22.0945,_ZN5aiter39bf16gemm_fp32bf16_tn_64x64_splitk_cleanE,0.013,123.01,642.92
gfx942,228,896,256,6144,False,torch.bfloat16,torch.bfloat16,False,False,opus,10213,8,23.7874,opus_gemm_gfx942_splitk_p1_bk128_bf16ws_256x64x64x128_2x2_16x16x16_0x0x0,0.0117,118.49,614.38
gfx942,228,928,256,6144,False,torch.bfloat16,torch.bfloat16,False,False,opus,10213,6,23.7824,opus_gemm_gfx942_splitk_p1_bk128_bf16ws_256x64x64x128_2x2_16x16x16_0x0x0,0.0114,122.75,631.73
gfx942,228,960,256,6144,False,torch.bfloat16,torch.bfloat16,False,False,opus,10213,6,24.363,opus_gemm_gfx942_splitk_p1_bk128_bf16ws_256x64x64x128_2x2_16x16x16_0x0x0,0.0114,123.95,633.49
gfx942,228,992,256,6144,False,torch.bfloat16,torch.bfloat16,False,False,opus,10210,10,25.017,opus_gemm_gfx942_splitk_legacy_bf16ws_512x128x128x64_2x4_16x16x16_0x0x0,0.0119,124.74,633.3
gfx942,228,1024,256,6144,False,torch.bfloat16,torch.bfloat16,False,False,opus,10213,6,25.0553,opus_gemm_gfx942_splitk_p1_bk128_bf16ws_256x64x64x128_2x2_16x16x16_0x0x0,0.0114,128.56,648.68
gfx942,228,1088,256,6144,False,torch.bfloat16,torch.bfloat16,False,False,opus,10213,6,26.2479,opus_gemm_gfx942_splitk_p1_bk128_bf16ws_256x64x64x128_2x2_16x16x16_0x0x0,0.0114,130.39,650.42
gfx942,228,1152,256,6144,False,torch.bfloat16,torch.bfloat16,False,False,opus,10213,6,26.8839,opus_gemm_gfx942_splitk_p1_bk128_bf16ws_256x64x64x128_2x2_16x16x16_0x0x0,0.0114,134.8,665.5
gfx942,228,1216,256,6144,False,torch.bfloat16,torch.bfloat16,False,False,opus,10210,8,27.6008,opus_gemm_gfx942_splitk_legacy_bf16ws_512x128x128x64_2x4_16x16x16_0x0x0,0.0119,138.59,677.9
gfx942,228,1280,256,6144,False,torch.bfloat16,torch.bfloat16,False,False,opus,10210,8,28.7489,opus_gemm_gfx942_splitk_legacy_bf16ws_512x128x128x64_2x4_16x16x16_0x0x0,0.0117,140.06,679.32
gfx942,228,1344,256,6144,False,torch.bfloat16,torch.bfloat16,False,False,opus,10210,8,28.5086,opus_gemm_gfx942_splitk_legacy_bf16ws_512x128x128x64_2x4_16x16x16_0x0x0,0.0117,148.3,713.78
gfx942,228,1408,256,6144,False,torch.bfloat16,torch.bfloat16,False,False,opus,10210,8,30.7251,opus_gemm_gfx942_splitk_legacy_bf16ws_512x128x128x64_2x4_16x16x16_0x0x0,0.0117,144.16,688.95
gfx942,228,1472,256,6144,False,torch.bfloat16,torch.bfloat16,False,False,opus,10210,8,30.2069,opus_gemm_gfx942_splitk_legacy_bf16ws_512x128x128x64_2x4_16x16x16_0x0x0,0.0117,153.29,727.89
gfx942,228,1536,256,6144,False,torch.bfloat16,torch.bfloat16,False,False,opus,10210,6,34.2273,opus_gemm_gfx942_splitk_legacy_bf16ws_512x128x128x64_2x4_16x16x16_0x0x0,0.0112,141.17,666.33
gfx942,228,1600,256,6144,False,torch.bfloat16,torch.bfloat16,False,False,opus,10210,8,34.2873,opus_gemm_gfx942_splitk_legacy_bf16ws_512x128x128x64_2x4_16x16x16_0x0x0,0.0117,146.79,689.05
gfx942,228,1664,256,6144,False,torch.bfloat16,torch.bfloat16,False,False,opus,10210,6,34.8601,opus_gemm_gfx942_splitk_legacy_bf16ws_512x128x128x64_2x4_16x16x16_0x0x0,0.0112,150.16,701.23
gfx942,228,1728,256,6144,False,torch.bfloat16,torch.bfloat16,False,False,opus,10210,6,34.5088,opus_gemm_gfx942_splitk_legacy_bf16ws_512x128x128x64_2x4_16x16x16_0x0x0,0.0113,157.52,732.11
gfx942,228,1792,256,6144,False,torch.bfloat16,torch.bfloat16,False,False,opus,10210,6,35.7003,opus_gemm_gfx942_splitk_legacy_bf16ws_512x128x128x64_2x4_16x16x16_0x0x0,0.0112,157.9,730.62
gfx942,228,1856,256,6144,False,torch.bfloat16,torch.bfloat16,False,False,opus,10210,6,36.7185,opus_gemm_gfx942_splitk_legacy_bf16ws_512x128x128x64_2x4_16x16x16_0x0x0,0.0113,159.01,732.67
gfx942,228,1920,256,6144,False,torch.bfloat16,torch.bfloat16,False,False,opus,10210,6,37.8764,opus_gemm_gfx942_splitk_legacy_bf16ws_512x128x128x64_2x4_16x16x16_0x0x0,0.0113,159.46,731.9
gfx942,228,1984,256,6144,False,torch.bfloat16,torch.bfloat16,False,False,opus,10210,6,38.9769,opus_gemm_gfx942_splitk_legacy_bf16ws_512x128x128x64_2x4_16x16x16_0x0x0,0.0113,160.12,732.25
gfx942,228,2048,256,6144,False,torch.bfloat16,torch.bfloat16,False,False,opus,10200,6,40.4387,opus_gemm_gfx942_splitk_legacy_512x128x128x64_2x4_16x16x16_0x0x0,0.0,159.31,726.04
gfx942,228,2112,256,6144,False,torch.bfloat16,torch.bfloat16,False,False,opus,10210,6,40.9856,opus_gemm_gfx942_splitk_legacy_bf16ws_512x128x128x64_2x4_16x16x16_0x0x0,0.0113,162.1,736.34
gfx942,228,2176,256,6144,False,torch.bfloat16,torch.bfloat16,False,False,opus,10210,6,41.3928,opus_gemm_gfx942_splitk_legacy_bf16ws_512x128x128x64_2x4_16x16x16_0x0x0,0.0115,165.37,748.89
gfx942,228,2240,256,6144,False,torch.bfloat16,torch.bfloat16,False,False,opus,10210,6,40.7279,opus_gemm_gfx942_splitk_legacy_bf16ws_512x128x128x64_2x4_16x16x16_0x0x0,0.0114,173.01,781.23
gfx942,228,2304,256,6144,False,torch.bfloat16,torch.bfloat16,False,False,opus,10210,6,42.764,opus_gemm_gfx942_splitk_legacy_bf16ws_512x128x128x64_2x4_16x16x16_0x0x0,0.0114,169.48,763.19
gfx942,228,2368,256,6144,False,torch.bfloat16,torch.bfloat16,False,False,opus,10210,0,42.9727,opus_gemm_gfx942_splitk_legacy_bf16ws_512x128x128x64_2x4_16x16x16_0x0x0,0.0114,173.34,778.54
gfx942,228,2432,256,6144,False,torch.bfloat16,torch.bfloat16,False,False,opus,10210,0,43.377,opus_gemm_gfx942_splitk_legacy_bf16ws_512x128x128x64_2x4_16x16x16_0x0x0,0.0114,176.37,790.17
gfx942,228,2496,256,6144,False,torch.bfloat16,torch.bfloat16,False,False,opus,10210,5,47.7459,opus_gemm_gfx942_splitk_legacy_bf16ws_512x128x128x64_2x4_16x16x16_0x0x0,0.0108,164.45,735.03
gfx942,228,2560,256,6144,False,torch.bfloat16,torch.bfloat16,False,False,opus,10210,5,49.7619,opus_gemm_gfx942_splitk_legacy_bf16ws_512x128x128x64_2x4_16x16x16_0x0x0,0.0108,161.83,721.71
gfx942,228,2624,256,6144,False,torch.bfloat16,torch.bfloat16,False,False,opus,10210,5,47.2546,opus_gemm_gfx942_splitk_legacy_bf16ws_512x128x128x64_2x4_16x16x16_0x0x0,0.0107,174.68,777.34
gfx942,228,2688,256,6144,False,torch.bfloat16,torch.bfloat16,False,False,opus,10210,5,50.3072,opus_gemm_gfx942_splitk_legacy_bf16ws_512x128x128x64_2x4_16x16x16_0x0x0,0.0107,168.08,746.46
gfx942,228,2752,256,6144,False,torch.bfloat16,torch.bfloat16,False,False,opus,10210,5,50.9933,opus_gemm_gfx942_splitk_legacy_bf16ws_512x128x128x64_2x4_16x16x16_0x0x0,0.0106,169.77,752.48
gfx942,228,2816,256,6144,False,torch.bfloat16,torch.bfloat16,False,False,opus,10210,5,52.5185,opus_gemm_gfx942_splitk_legacy_bf16ws_512x128x128x64_2x4_16x16x16_0x0x0,0.0106,168.67,746.22
gfx942,228,2880,256,6144,False,torch.bfloat16,torch.bfloat16,False,False,opus,10210,4,50.5484,opus_gemm_gfx942_splitk_legacy_bf16ws_512x128x128x64_2x4_16x16x16_0x0x0,0.01,179.23,791.51
gfx942,228,2944,256,6144,False,torch.bfloat16,torch.bfloat16,False,False,opus,10210,4,55.1847,opus_gemm_gfx942_splitk_legacy_bf16ws_512x128x128x64_2x4_16x16x16_0x0x0,0.01,167.82,739.86
gfx942,228,3008,256,6144,False,torch.bfloat16,torch.bfloat16,False,False,opus,10210,4,55.0394,opus_gemm_gfx942_splitk_legacy_bf16ws_512x128x128x64_2x4_16x16x16_0x0x0,0.01,171.92,756.7
gfx942,228,3072,256,6144,False,torch.bfloat16,torch.bfloat16,False,False,opus,10210,4,55.8757,opus_gemm_gfx942_splitk_legacy_bf16ws_512x128x128x64_2x4_16x16x16_0x0x0,0.0101,172.95,760.03
gfx942,228,3136,256,6144,False,torch.bfloat16,torch.bfloat16,False,False,opus,10210,4,54.2398,opus_gemm_gfx942_splitk_legacy_bf16ws_512x128x128x64_2x4_16x16x16_0x0x0,0.0101,181.88,798.06
gfx942,228,3200,256,6144,False,torch.bfloat16,torch.bfloat16,False,False,opus,10210,4,56.7285,opus_gemm_gfx942_splitk_legacy_bf16ws_512x128x128x64_2x4_16x16x16_0x0x0,0.0101,177.45,777.49
gfx942,228,3264,256,6144,False,torch.bfloat16,torch.bfloat16,False,False,opus,10210,4,58.9627,opus_gemm_gfx942_splitk_legacy_bf16ws_512x128x128x64_2x4_16x16x16_0x0x0,0.0101,174.14,761.92
gfx942,228,3328,256,6144,False,torch.bfloat16,torch.bfloat16,False,False,opus,10210,4,56.8825,opus_gemm_gfx942_splitk_legacy_bf16ws_512x128x128x64_2x4_16x16x16_0x0x0,0.0101,184.05,804.19
gfx942,228,3392,256,6144,False,torch.bfloat16,torch.bfloat16,False,False,opus,10210,4,58.29,opus_gemm_gfx942_splitk_legacy_bf16ws_512x128x128x64_2x4_16x16x16_0x0x0,0.0099,183.06,798.82
gfx942,228,3456,256,6144,False,torch.bfloat16,torch.bfloat16,False,False,opus,10210,4,57.7518,opus_gemm_gfx942_splitk_legacy_bf16ws_512x128x128x64_2x4_16x16x16_0x0x0,0.0099,188.25,820.45
gfx942,228,3520,256,6144,False,torch.bfloat16,torch.bfloat16,False,False,opus,10210,4,58.8685,opus_gemm_gfx942_splitk_legacy_bf16ws_512x128x128x64_2x4_16x16x16_0x0x0,0.0099,188.1,818.8
gfx942,228,3584,256,6144,False,torch.bfloat16,torch.bfloat16,False,False,opus,10210,4,61.3364,opus_gemm_gfx942_splitk_legacy_bf16ws_512x128x128x64_2x4_16x16x16_0x0x0,0.0099,183.81,799.21
gfx942,228,3648,256,6144,False,torch.bfloat16,torch.bfloat16,False,False,opus,10210,3,63.3887,opus_gemm_gfx942_splitk_legacy_bf16ws_512x128x128x64_2x4_16x16x16_0x0x0,0.0088,181.04,786.26
gfx942,228,3712,256,6144,False,torch.bfloat16,torch.bfloat16,False,False,opus,10210,3,64.0873,opus_gemm_gfx942_splitk_legacy_bf16ws_512x128x128x64_2x4_16x16x16_0x0x0,0.0086,182.2,790.47
gfx942,228,3776,256,6144,False,torch.bfloat16,torch.bfloat16,False,False,opus,10210,3,67.1668,opus_gemm_gfx942_splitk_legacy_bf16ws_512x128x128x64_2x4_16x16x16_0x0x0,0.0086,176.85,766.43
gfx942,228,3840,256,6144,False,torch.bfloat16,torch.bfloat16,False,False,opus,10210,3,65.4267,opus_gemm_gfx942_splitk_legacy_bf16ws_512x128x128x64_2x4_16x16x16_0x0x0,0.0086,184.63,799.33
gfx942,228,3904,256,6144,False,torch.bfloat16,torch.bfloat16,False,False,opus,10210,3,62.7683,opus_gemm_gfx942_splitk_legacy_bf16ws_512x128x128x64_2x4_16x16x16_0x0x0,0.0086,195.65,846.24
gfx942,228,3968,256,6144,False,torch.bfloat16,torch.bfloat16,False,False,opus,10210,3,66.3228,opus_gemm_gfx942_splitk_legacy_bf16ws_512x128x128x64_2x4_16x16x16_0x0x0,0.0087,188.2,813.24
gfx942,228,4032,256,6144,False,torch.bfloat16,torch.bfloat16,False,False,opus,10210,3,66.553,opus_gemm_gfx942_splitk_legacy_bf16ws_512x128x128x64_2x4_16x16x16_0x0x0,0.0087,190.58,822.73
gfx942,228,4096,256,6144,False,torch.bfloat16,torch.bfloat16,False,False,opus,10210,3,70.0674,opus_gemm_gfx942_splitk_legacy_bf16ws_512x128x128x64_2x4_16x16x16_0x0x0,0.0087,183.89,793.16
gfx942,228,4224,256,6144,False,torch.bfloat16,torch.bfloat16,False,False,opus,10210,6,68.8822,opus_gemm_gfx942_splitk_legacy_bf16ws_512x128x128x64_2x4_16x16x16_0x0x0,0.0112,192.9,830.59
gfx942,228,4352,256,6144,False,torch.bfloat16,torch.bfloat16,False,False,opus,10216,10,71.4231,opus_gemm_gfx942_splitk_quad_mfma32_bf16ws_256x256x256x32_2x2_32x32x8_6x0x0,0.0121,191.68,823.98
gfx942,228,4480,256,6144,False,torch.bfloat16,torch.bfloat16,False,False,opus,10210,3,72.855,opus_gemm_gfx942_splitk_legacy_bf16ws_512x128x128x64_2x4_16x16x16_0x0x0,0.0087,193.44,830.28
gfx942,228,4608,256,6144,False,torch.bfloat16,torch.bfloat16,False,False,opus,10210,3,74.198,opus_gemm_gfx942_splitk_legacy_bf16ws_512x128x128x64_2x4_16x16x16_0x0x0,0.0087,195.36,837.33
gfx942,228,4736,256,6144,False,torch.bfloat16,torch.bfloat16,False,False,opus,10210,3,75.7004,opus_gemm_gfx942_splitk_legacy_bf16ws_512x128x128x64_2x4_16x16x16_0x0x0,0.0087,196.8,842.35
gfx942,228,4864,256,6144,False,torch.bfloat16,torch.bfloat16,False,False,opus,10210,3,74.6179,opus_gemm_gfx942_splitk_legacy_bf16ws_512x128x128x64_2x4_16x16x16_0x0x0,0.0087,205.06,876.53
gfx942,228,4992,256,6144,False,torch.bfloat16,torch.bfloat16,False,False,opus,10216,10,84.3377,opus_gemm_gfx942_splitk_quad_mfma32_bf16ws_256x256x256x32_2x2_32x32x8_6x0x0,0.0121,186.2,794.94
gfx942,228,5120,256,6144,False,torch.bfloat16,torch.bfloat16,False,False,opus,10216,8,80.8432,opus_gemm_gfx942_splitk_quad_mfma32_bf16ws_256x256x256x32_2x2_32x32x8_6x0x0,0.0118,199.23,849.57
gfx942,228,5248,256,6144,False,torch.bfloat16,torch.bfloat16,False,False,opus,10210,5,88.1088,opus_gemm_gfx942_splitk_legacy_bf16ws_512x128x128x64_2x4_16x16x16_0x0x0,0.0107,187.37,798.11
gfx942,228,5376,256,6144,False,torch.bfloat16,torch.bfloat16,False,False,opus,10210,5,90.0135,opus_gemm_gfx942_splitk_legacy_bf16ws_512x128x128x64_2x4_16x16x16_0x0x0,0.0107,187.88,799.42
gfx942,228,5504,256,6144,False,torch.bfloat16,torch.bfloat16,False,False,opus,10210,5,91.4029,opus_gemm_gfx942_splitk_legacy_bf16ws_512x128x128x64_2x4_16x16x16_0x0x0,0.0108,189.43,805.19
gfx942,228,5632,256,6144,False,torch.bfloat16,torch.bfloat16,False,False,opus,10210,5,90.2167,opus_gemm_gfx942_splitk_legacy_bf16ws_512x128x128x64_2x4_16x16x16_0x0x0,0.0108,196.38,833.94
gfx942,228,5760,256,6144,False,torch.bfloat16,torch.bfloat16,False,False,opus,10210,5,92.147,opus_gemm_gfx942_splitk_legacy_bf16ws_512x128x128x64_2x4_16x16x16_0x0x0,0.0108,196.64,834.25
gfx942,228,5888,256,6144,False,torch.bfloat16,torch.bfloat16,False,False,opus,10210,2,92.9136,opus_gemm_gfx942_splitk_legacy_bf16ws_512x128x128x64_2x4_16x16x16_0x0x0,0.006,199.35,845.0
gfx942,228,6016,256,6144,False,torch.bfloat16,torch.bfloat16,False,False,opus,10210,4,95.7304,opus_gemm_gfx942_splitk_legacy_bf16ws_512x128x128x64_2x4_16x16x16_0x0x0,0.0102,197.69,837.25
gfx942,228,6144,256,6144,False,torch.bfloat16,torch.bfloat16,False,False,opus,10210,2,94.832,opus_gemm_gfx942_splitk_legacy_bf16ws_512x128x128x64_2x4_16x16x16_0x0x0,0.006,203.81,862.46
gfx942,228,6272,256,6144,False,torch.bfloat16,torch.bfloat16,False,False,opus,10210,2,97.1672,opus_gemm_gfx942_splitk_legacy_bf16ws_512x128x128x64_2x4_16x16x16_0x0x0,0.006,203.05,858.6
gfx942,228,6400,256,6144,False,torch.bfloat16,torch.bfloat16,False,False,opus,10210,2,95.654,opus_gemm_gfx942_splitk_legacy_bf16ws_512x128x128x64_2x4_16x16x16_0x0x0,0.0059,210.47,889.31
gfx942,228,6528,256,6144,False,torch.bfloat16,torch.bfloat16,False,False,opus,10210,2,96.2907,opus_gemm_gfx942_splitk_legacy_bf16ws_512x128x128x64_2x4_16x16x16_0x0x0,0.0059,213.26,900.44
gfx942,228,6656,256,6144,False,torch.bfloat16,torch.bfloat16,False,False,opus,10210,2,98.4603,opus_gemm_gfx942_splitk_legacy_bf16ws_512x128x128x64_2x4_16x16x16_0x0x0,0.0059,212.65,897.24
gfx942,228,6784,256,6144,False,torch.bfloat16,torch.bfloat16,False,False,opus,10210,4,99.5327,opus_gemm_gfx942_splitk_legacy_bf16ws_512x128x128x64_2x4_16x16x16_0x0x0,0.01,214.41,904.03
gfx942,228,6912,256,6144,False,torch.bfloat16,torch.bfloat16,False,False,opus,10210,4,101.3719,opus_gemm_gfx942_splitk_legacy_bf16ws_512x128x128x64_2x4_16x16x16_0x0x0,0.01,214.49,903.79
gfx942,228,7040,256,6144,False,torch.bfloat16,torch.bfloat16,False,False,opus,10210,4,99.3008,opus_gemm_gfx942_splitk_legacy_bf16ws_512x128x128x64_2x4_16x16x16_0x0x0,0.0099,223.02,939.14
gfx942,228,7168,256,6144,False,torch.bfloat16,torch.bfloat16,False,False,opus,10210,2,97.9384,opus_gemm_gfx942_splitk_legacy_bf16ws_512x128x128x64_2x4_16x16x16_0x0x0,0.006,230.23,968.94
gfx942,228,7296,256,6144,False,torch.bfloat16,torch.bfloat16,False,False,opus,10210,0,102.6659,opus_gemm_gfx942_splitk_legacy_bf16ws_512x128x128x64_2x4_16x16x16_0x0x0,0.006,223.55,940.28
gfx942,228,7424,256,6144,False,torch.bfloat16,torch.bfloat16,False,False,opus,10216,6,114.3289,opus_gemm_gfx942_splitk_quad_mfma32_bf16ws_256x256x256x32_2x2_32x32x8_6x0x0,0.0111,204.27,858.69
gfx942,228,7552,256,6144,False,torch.bfloat16,torch.bfloat16,False,False,opus,10216,6,112.9365,opus_gemm_gfx942_splitk_quad_mfma32_bf16ws_256x256x256x32_2x2_32x32x8_6x0x0,0.0112,210.35,883.78
gfx942,228,7680,256,6144,False,torch.bfloat16,torch.bfloat16,False,False,opus,10210,3,118.4009,opus_gemm_gfx942_splitk_legacy_bf16ws_512x128x128x64_2x4_16x16x16_0x0x0,0.0087,204.05,856.83
gfx942,228,7808,256,6144,False,torch.bfloat16,torch.bfloat16,False,False,opus,10216,6,114.3992,opus_gemm_gfx942_splitk_quad_mfma32_bf16ws_256x256x256x32_2x2_32x32x8_6x0x0,0.0112,214.7,901.13
gfx942,228,7936,256,6144,False,torch.bfloat16,torch.bfloat16,False,False,opus,10210,3,116.1104,opus_gemm_gfx942_splitk_legacy_bf16ws_512x128x128x64_2x4_16x16x16_0x0x0,0.0088,215.01,901.96
gfx942,228,8064,256,6144,False,torch.bfloat16,torch.bfloat16,False,False,opus,10210,3,118.5611,opus_gemm_gfx942_splitk_legacy_bf16ws_512x128x128x64_2x4_16x16x16_0x0x0,0.0088,213.96,897.13
gfx942,228,8192,256,6144,False,torch.bfloat16,torch.bfloat16,False,False,opus,10216,6,124.9735,opus_gemm_gfx942_splitk_quad_mfma32_bf16ws_256x256x256x32_2x2_32x32x8_6x0x0,0.0112,206.2,864.21
gfx942,228,8320,256,6144,False,torch.bfloat16,torch.bfloat16,False,False,opus,10210,3,118.9826,opus_gemm_gfx942_splitk_legacy_bf16ws_512x128x128x64_2x4_16x16x16_0x0x0,0.0086,219.97,921.49
gfx942,228,8448,256,6144,False,torch.bfloat16,torch.bfloat16,False,False,opus,10210,3,118.0092,opus_gemm_gfx942_splitk_legacy_bf16ws_512x128x128x64_2x4_16x16x16_0x0x0,0.0086,225.2,942.98
gfx942,228,8576,256,6144,False,torch.bfloat16,torch.bfloat16,False,False,opus,10210,3,122.8023,opus_gemm_gfx942_splitk_legacy_bf16ws_512x128x128x64_2x4_16x16x16_0x0x0,0.0088,219.68,919.51
gfx942,228,8704,256,6144,False,torch.bfloat16,torch.bfloat16,False,False,opus,10210,3,122.5932,opus_gemm_gfx942_splitk_legacy_bf16ws_512x128x128x64_2x4_16x16x16_0x0x0,0.0088,223.34,934.45
gfx942,228,8832,256,6144,False,torch.bfloat16,torch.bfloat16,False,False,opus,10210,3,122.8988,opus_gemm_gfx942_splitk_legacy_bf16ws_512x128x128x64_2x4_16x16x16_0x0x0,0.0088,226.06,945.46
gfx942,228,8960,256,6144,False,torch.bfloat16,torch.bfloat16,False,False,opus,10210,3,121.8614,opus_gemm_gfx942_splitk_legacy_bf16ws_512x128x128x64_2x4_16x16x16_0x0x0,0.0088,231.29,966.95
gfx942,228,9088,256,6144,False,torch.bfloat16,torch.bfloat16,False,False,opus,10210,3,123.1166,opus_gemm_gfx942_splitk_legacy_bf16ws_512x128x128x64_2x4_16x16x16_0x0x0,0.0088,232.21,970.4
gfx942,228,9216,256,6144,False,torch.bfloat16,torch.bfloat16,False,False,opus,10210,3,123.7215,opus_gemm_gfx942_splitk_legacy_bf16ws_512x128x128x64_2x4_16x16x16_0x0x0,0.0088,234.32,978.9
gfx942,228,9344,256,6144,False,torch.bfloat16,torch.bfloat16,False,False,opus,10210,3,126.1961,opus_gemm_gfx942_splitk_legacy_bf16ws_512x128x128x64_2x4_16x16x16_0x0x0,0.0088,232.92,972.68
gfx942,228,9472,256,6144,False,torch.bfloat16,torch.bfloat16,False,False,opus,10210,3,124.0254,opus_gemm_gfx942_splitk_legacy_bf16ws_512x128x128x64_2x4_16x16x16_0x0x0,0.0087,240.24,1002.92
gfx942,228,9600,256,6144,False,torch.bfloat16,torch.bfloat16,False,False,opus,10216,0,126.6034,opus_gemm_gfx942_splitk_quad_mfma32_bf16ws_256x256x256x32_2x2_32x32x8_6x0x0,0.0112,238.53,995.44
gfx942,228,9728,256,6144,False,torch.bfloat16,torch.bfloat16,False,False,opus,10210,3,125.5934,opus_gemm_gfx942_splitk_legacy_bf16ws_512x128x128x64_2x4_16x16x16_0x0x0,0.0087,243.66,1016.49
gfx942,228,9856,256,6144,False,torch.bfloat16,torch.bfloat16,False,False,opus,10216,4,139.9158,opus_gemm_gfx942_splitk_quad_mfma32_bf16ws_256x256x256x32_2x2_32x32x8_6x0x0,0.0101,221.59,924.15
gfx942,228,9984,256,6144,False,torch.bfloat16,torch.bfloat16,False,False,opus,10000,0,140.8912,opus_gemm_gfx942_512x128x128x64_2x4_16x16x16_0x0x0,0.0,222.92,929.38
gfx942,228,10112,256,6144,False,torch.bfloat16,torch.bfloat16,False,False,opus,10000,0,139.2425,opus_gemm_gfx942_512x128x128x64_2x4_16x16x16_0x0x0,0.0,228.45,952.15
gfx942,228,10240,256,6144,False,torch.bfloat16,torch.bfloat16,False,False,opus,10000,0,139.1177,opus_gemm_gfx942_512x128x128x64_2x4_16x16x16_0x0x0,0.0,231.55,964.78
gfx942,228,10368,256,6144,False,torch.bfloat16,torch.bfloat16,False,False,opus,10000,0,142.7281,opus_gemm_gfx942_512x128x128x64_2x4_16x16x16_0x0x0,0.0,228.51,951.85
gfx942,228,10496,256,6144,False,torch.bfloat16,torch.bfloat16,False,False,opus,10000,0,143.073,opus_gemm_gfx942_512x128x128x64_2x4_16x16x16_0x0x0,0.0,230.77,961.01
gfx942,228,10624,256,6144,False,torch.bfloat16,torch.bfloat16,False,False,opus,10000,0,141.7786,opus_gemm_gfx942_512x128x128x64_2x4_16x16x16_0x0x0,0.0,235.72,981.34
gfx942,228,10752,256,6144,False,torch.bfloat16,torch.bfloat16,False,False,opus,10000,0,148.1904,opus_gemm_gfx942_512x128x128x64_2x4_16x16x16_0x0x0,0.0,228.24,949.94
gfx942,228,10880,256,6144,False,torch.bfloat16,torch.bfloat16,False,False,opus,10000,0,142.8527,opus_gemm_gfx942_512x128x128x64_2x4_16x16x16_0x0x0,0.0,239.59,996.9
gfx942,228,11008,256,6144,False,torch.bfloat16,torch.bfloat16,False,False,opus,10000,0,151.6501,opus_gemm_gfx942_512x128x128x64_2x4_16x16x16_0x0x0,0.0,228.34,949.87
gfx942,228,11136,256,6144,False,torch.bfloat16,torch.bfloat16,False,False,opus,10000,0,142.6445,opus_gemm_gfx942_512x128x128x64_2x4_16x16x16_0x0x0,0.0,245.58,1021.33
gfx942,228,11264,256,6144,False,torch.bfloat16,torch.bfloat16,False,False,opus,10000,0,145.0261,opus_gemm_gfx942_512x128x128x64_2x4_16x16x16_0x0x0,0.0,244.32,1015.85
gfx942,228,11392,256,6144,False,torch.bfloat16,torch.bfloat16,False,False,opus,10210,1,154.4739,opus_gemm_gfx942_splitk_legacy_bf16ws_512x128x128x64_2x4_16x16x16_0x0x0,0.0,231.99,964.33
gfx942,228,11520,256,6144,False,torch.bfloat16,torch.bfloat16,False,False,opus,10000,0,152.0675,opus_gemm_gfx942_512x128x128x64_2x4_16x16x16_0x0x0,0.0,238.31,990.36
gfx942,228,11648,256,6144,False,torch.bfloat16,torch.bfloat16,False,False,opus,10216,4,154.2726,opus_gemm_gfx942_splitk_quad_mfma32_bf16ws_256x256x256x32_2x2_32x32x8_6x0x0,0.0099,237.51,986.83
gfx942,228,11776,256,6144,False,torch.bfloat16,torch.bfloat16,False,False,opus,10000,0,149.6126,opus_gemm_gfx942_512x128x128x64_2x4_16x16x16_0x0x0,0.0,247.6,1028.51
gfx942,228,11904,256,6144,False,torch.bfloat16,torch.bfloat16,False,False,opus,10000,0,145.9632,opus_gemm_gfx942_512x128x128x64_2x4_16x16x16_0x0x0,0.0,256.55,1065.45
gfx942,228,12032,256,6144,False,torch.bfloat16,torch.bfloat16,False,False,opus,10000,0,145.5569,opus_gemm_gfx942_512x128x128x64_2x4_16x16x16_0x0x0,0.0,260.03,1079.68
gfx942,228,12160,256,6144,False,torch.bfloat16,torch.bfloat16,False,False,opus,10000,0,149.4839,opus_gemm_gfx942_512x128x128x64_2x4_16x16x16_0x0x0,0.0,255.89,1062.28
gfx942,228,12288,256,6144,False,torch.bfloat16,torch.bfloat16,False,False,opus,10000,0,149.3024,opus_gemm_gfx942_512x128x128x64_2x4_16x16x16_0x0x0,0.0,258.9,1074.54
gfx942,228,12416,256,6144,False,torch.bfloat16,torch.bfloat16,False,False,opus,10000,0,147.9444,opus_gemm_gfx942_512x128x128x64_2x4_16x16x16_0x0x0,0.0,264.0,1095.48
gfx942,228,12544,256,6144,False,torch.bfloat16,torch.bfloat16,False,False,opus,10000,0,149.5408,opus_gemm_gfx942_512x128x128x64_2x4_16x16x16_0x0x0,0.0,263.87,1094.74
gfx942,228,12672,256,6144,False,torch.bfloat16,torch.bfloat16,False,False,opus,10000,0,147.7318,opus_gemm_gfx942_512x128x128x64_2x4_16x16x16_0x0x0,0.0,269.83,1119.24
gfx942,228,12800,256,6144,False,torch.bfloat16,torch.bfloat16,False,False,opus,10000,0,151.0623,opus_gemm_gfx942_512x128x128x64_2x4_16x16x16_0x0x0,0.0,266.55,1105.41
gfx942,228,12928,256,6144,False,torch.bfloat16,torch.bfloat16,False,False,opus,10000,0,149.4337,opus_gemm_gfx942_512x128x128x64_2x4_16x16x16_0x0x0,0.0,272.15,1128.42
gfx942,228,13056,256,6144,False,torch.bfloat16,torch.bfloat16,False,False,opus,10000,0,154.6095,opus_gemm_gfx942_512x128x128x64_2x4_16x16x16_0x0x0,0.0,265.64,1101.24
gfx942,228,13184,256,6144,False,torch.bfloat16,torch.bfloat16,False,False,opus,10000,0,152.2855,opus_gemm_gfx942_512x128x128x64_2x4_16x16x16_0x0x0,0.0,272.34,1128.81
gfx942,228,13312,256,6144,False,torch.bfloat16,torch.bfloat16,False,False,opus,10210,1,163.9283,opus_gemm_gfx942_splitk_legacy_bf16ws_512x128x128x64_2x4_16x16x16_0x0x0,0.0,255.45,1058.63
gfx942,228,13440,256,6144,False,torch.bfloat16,torch.bfloat16,False,False,opus,10000,0,156.9711,opus_gemm_gfx942_512x128x128x64_2x4_16x16x16_0x0x0,0.0,269.34,1115.99
gfx942,228,13568,256,6144,False,torch.bfloat16,torch.bfloat16,False,False,opus,10000,0,159.4706,opus_gemm_gfx942_512x128x128x64_2x4_16x16x16_0x0x0,0.0,267.64,1108.77
gfx942,228,13696,256,6144,False,torch.bfloat16,torch.bfloat16,False,False,opus,10000,0,157.2001,opus_gemm_gfx942_512x128x128x64_2x4_16x16x16_0x0x0,0.0,274.07,1135.21
gfx942,228,13824,256,6144,False,torch.bfloat16,torch.bfloat16,False,False,opus,10000,0,155.3062,opus_gemm_gfx942_512x128x128x64_2x4_16x16x16_0x0x0,0.0,280.01,1159.6
gfx942,228,13952,256,6144,False,torch.bfloat16,torch.bfloat16,False,False,opus,10000,0,157.6587,opus_gemm_gfx942_512x128x128x64_2x4_16x16x16_0x0x0,0.0,278.38,1152.69
gfx942,228,14080,256,6144,False,torch.bfloat16,torch.bfloat16,False,False,opus,10000,0,158.3273,opus_gemm_gfx942_512x128x128x64_2x4_16x16x16_0x0x0,0.0,279.75,1158.17
gfx942,228,14208,256,6144,False,torch.bfloat16,torch.bfloat16,False,False,opus,10000,0,161.4361,opus_gemm_gfx942_512x128x128x64_2x4_16x16x16_0x0x0,0.0,276.86,1146.01
gfx942,228,14336,256,6144,False,torch.bfloat16,torch.bfloat16,False,False,opus,10000,0,158.3626,opus_gemm_gfx942_512x128x128x64_2x4_16x16x16_0x0x0,0.0,284.77,1178.6
gfx942,228,14464,256,6144,False,torch.bfloat16,torch.bfloat16,False,False,opus,10000,0,164.9705,opus_gemm_gfx942_512x128x128x64_2x4_16x16x16_0x0x0,0.0,275.81,1141.32
gfx942,228,14592,256,6144,False,torch.bfloat16,torch.bfloat16,False,False,opus,10210,1,169.0557,opus_gemm_gfx942_splitk_legacy_bf16ws_512x128x128x64_2x4_16x16x16_0x0x0,0.0,271.52,1123.44
gfx942,228,14720,256,6144,False,torch.bfloat16,torch.bfloat16,False,False,opus,10216,3,188.0517,opus_gemm_gfx942_splitk_quad_mfma32_bf16ws_256x256x256x32_2x2_32x32x8_6x0x0,0.0087,246.24,1018.67
gfx942,228,14848,256,6144,False,torch.bfloat16,torch.bfloat16,False,False,opus,10216,3,202.3041,opus_gemm_gfx942_splitk_quad_mfma32_bf16ws_256x256x256x32_2x2_32x32x8_6x0x0,0.0087,230.88,955.0
gfx942,228,14976,256,6144,False,torch.bfloat16,torch.bfloat16,False,False,opus,10216,3,193.4549,opus_gemm_gfx942_splitk_quad_mfma32_bf16ws_256x256x256x32_2x2_32x32x8_6x0x0,0.0087,243.52,1007.15
gfx942,228,15104,256,6144,False,torch.bfloat16,torch.bfloat16,False,False,opus,10216,3,200.0981,opus_gemm_gfx942_splitk_quad_mfma32_bf16ws_256x256x256x32_2x2_32x32x8_6x0x0,0.0087,237.45,981.9
gfx942,228,15232,256,6144,False,torch.bfloat16,torch.bfloat16,False,False,opus,10216,3,195.3364,opus_gemm_gfx942_splitk_quad_mfma32_bf16ws_256x256x256x32_2x2_32x32x8_6x0x0,0.0087,245.3,1014.23
gfx942,228,15360,256,6144,False,torch.bfloat16,torch.bfloat16,False,False,opus,10216,3,206.9365,opus_gemm_gfx942_splitk_quad_mfma32_bf16ws_256x256x256x32_2x2_32x32x8_6x0x0,0.0087,233.49,965.29
gfx942,228,15488,256,6144,False,torch.bfloat16,torch.bfloat16,False,False,opus,10216,3,195.3476,opus_gemm_gfx942_splitk_quad_mfma32_bf16ws_256x256x256x32_2x2_32x32x8_6x0x0,0.0086,249.41,1030.94
gfx942,228,15616,256,6144,False,torch.bfloat16,torch.bfloat16,False,False,opus,10216,3,204.3552,opus_gemm_gfx942_splitk_quad_mfma32_bf16ws_256x256x256x32_2x2_32x32x8_6x0x0,0.0088,240.38,993.52
gfx942,228,15744,256,6144,False,torch.bfloat16,torch.bfloat16,False,False,opus,10216,3,195.9658,opus_gemm_gfx942_splitk_quad_mfma32_bf16ws_256x256x256x32_2x2_32x32x8_6x0x0,0.0088,252.73,1044.41
gfx942,228,15872,256,6144,False,torch.bfloat16,torch.bfloat16,False,False,opus,10216,3,228.8786,opus_gemm_gfx942_splitk_quad_mfma32_bf16ws_256x256x256x32_2x2_32x32x8_6x0x0,0.0088,218.15,901.38
gfx942,228,16000,256,6144,False,torch.bfloat16,torch.bfloat16,False,False,opus,10216,3,203.2715,opus_gemm_gfx942_splitk_quad_mfma32_bf16ws_256x256x256x32_2x2_32x32x8_6x0x0,0.0088,247.61,1022.99
gfx942,228,16128,256,6144,False,torch.bfloat16,torch.bfloat16,False,False,opus,10216,3,209.4691,opus_gemm_gfx942_splitk_quad_mfma32_bf16ws_256x256x256x32_2x2_32x32x8_6x0x0,0.0088,242.2,1000.55
gfx942,228,16256,256,6144,False,torch.bfloat16,torch.bfloat16,False,False,opus,10216,3,199.4113,opus_gemm_gfx942_splitk_quad_mfma32_bf16ws_256x256x256x32_2x2_32x32x8_6x0x0,0.0088,256.44,1059.23
gfx942,228,16384,256,6144,False,torch.bfloat16,torch.bfloat16,False,False,opus,10216,3,208.2346,opus_gemm_gfx942_splitk_quad_mfma32_bf16ws_256x256x256x32_2x2_32x32x8_6x0x0,0.0088,247.51,1022.22
